{"K_for_KNN": [15, 0.9733333333333334], "bandwidth": 0.05414864864864865}