{"bandwidth": 0.02211981981981982, "K_for_KNN": [7, 0.8660858531260078]}