{"K_for_KNN": [1, 0.9564534038483131], "bandwidth": 0.03413063063063063}