{"K_for_KNN": [24, 0.5822026430011503], "bandwidth": 0.040136036036036035}