{"bandwidth": 0.018116216216216216, "K_for_KNN": [14, 0.9992700729927007]}