{"bandwidth": 0.009108108108108108, "K_for_KNN": [2, 0.45566061354280557]}