{"bandwidth": 0.031127927927927925, "K_for_KNN": [11, 0.8390112952616825]}