{"badness": [{"md": 0.5988245168637676, "rmsd": 0.3669154959646505}, {"md": 0.5754039298911281, "rmsd": 0.3428959393898084}, {"md": 0.5804711641834229, "rmsd": 0.3494493265850481}], "evaluation": [[2419, 3498], [2419, 3498], [2536, 3498]]}