{"evaluation_kmeans_3": [[144, 345], [178, 345], [197, 345], [209, 345], [185, 345], [197, 345], [182, 345], [189, 345], [209, 345], [207, 345], [195, 345], [210, 345]], "name": ["prob-0.01", "prob-0.02", "prob-0.03", "prob-0.04", "prob-0.05", "prob-0.06", "prob-0.07", "prob-0.08", "prob-0.09", "prob-0.1", "some-1-prob-0.1", "some-2-prob-0.1"], "badness_majority_voronoid": [[0.9931215839908866, 0.975982534136966, 0.960447424325382, 0.9451927397081386, 0.9302693780062621, 0.9157397869641831, 0.9016535730417463], [0.9862633752800661, 0.9527057385736913, 0.923598047614818, 0.8962911116600246, 0.8705455605937205, 0.8442871248308997, 0.819216564863813], [0.9801641180929553, 0.931974904099079, 0.8904886619553422, 0.8524484989280494, 0.816025233303563, 0.7810458085126475, 0.7483371585074965], [0.9738125358112271, 0.9151604324859123, 0.8655899968361651, 0.8209134154110137, 0.779523900826362, 0.740416897981852, 0.7052574824231465], [0.9673378143995488, 0.8903698669962173, 0.8289472288613491, 0.7745335197876855, 0.7282921303960568, 0.6892704029651545, 0.6453312946910421], [0.9596914046322508, 0.8747274957893867, 0.8094357097657222, 0.7419436238741838, 0.6782541215530813, 0.620169609474851, 0.5678745137468966], [0.953480708220483, 0.8512043733618014, 0.7755172077584114, 0.7125551690154843, 0.6625568216979105, 0.6197404343170825, 0.5855586621723605], [0.948585306067953, 0.8434244547873537, 0.7544620665414801, 0.6784960994078653, 0.6140088486803048, 0.5591686821754305, 0.5112068842131983], [0.9439093093302248, 0.8242084768481553, 0.7403696944204139, 0.6658516076682341, 0.6035124520891045, 0.5523772183979548, 0.508836050559148], [0.9367810013456184, 0.8115736478261755, 0.7213375880582308, 0.6516593362944502, 0.5847657325571205, 0.531092169074487, 0.48872055468048037], [0.9313096148148925, 0.7637529643957981, 0.6215023810082385, 0.49537609889550693, 0.38766672766061716, 0.298727233709021, 0.22731570812074442], [0.9354449245981813, 0.7963611082706279, 0.6904852073747959, 0.6032658335349135, 0.5336069110846406, 0.4783457393124305, 0.43462490759878103]], "voronoid_sigmoid": [[0.36787944117144233, 0.015503853599009331, 0.0006533919798673809, 2.753644934974717e-05, 1.1604918121968616e-06, 4.890758532702115e-08, 2.06115362243856e-09], [0.36787944117144233, 0.015503853599009331, 0.0006533919798673809, 2.753644934974717e-05, 1.1604918121968616e-06, 4.890758532702115e-08, 2.06115362243856e-09], [0.36787944117144233, 0.015503853599009331, 0.0006533919798673809, 2.753644934974717e-05, 1.1604918121968616e-06, 4.890758532702115e-08, 2.06115362243856e-09], [0.36787944117144233, 0.015503853599009331, 0.0006533919798673809, 2.753644934974717e-05, 1.1604918121968616e-06, 4.890758532702115e-08, 2.06115362243856e-09], [0.36787944117144233, 0.015503853599009331, 0.0006533919798673809, 2.753644934974717e-05, 1.1604918121968616e-06, 4.890758532702115e-08, 2.06115362243856e-09], [0.36787944117144233, 0.015503853599009331, 0.0006533919798673809, 2.753644934974717e-05, 1.1604918121968616e-06, 4.890758532702115e-08, 2.06115362243856e-09], [0.36787944117144233, 0.015503853599009331, 0.0006533919798673809, 2.753644934974717e-05, 1.1604918121968616e-06, 4.890758532702115e-08, 2.06115362243856e-09], [0.36787944117144233, 0.015503853599009331, 0.0006533919798673809, 2.753644934974717e-05, 1.1604918121968616e-06, 4.890758532702115e-08, 2.06115362243856e-09], [0.36787944117144233, 0.015503853599009331, 0.0006533919798673809, 2.753644934974717e-05, 1.1604918121968616e-06, 4.890758532702115e-08, 2.06115362243856e-09], [0.36787944117144233, 0.015503853599009331, 0.0006533919798673809, 2.753644934974717e-05, 1.1604918121968616e-06, 4.890758532702115e-08, 2.06115362243856e-09], [0.36787944117144233, 0.015503853599009331, 0.0006533919798673809, 2.753644934974717e-05, 1.1604918121968616e-06, 4.890758532702115e-08, 2.06115362243856e-09], [0.36787944117144233, 0.015503853599009331, 0.0006533919798673809, 2.753644934974717e-05, 1.1604918121968616e-06, 4.890758532702115e-08, 2.06115362243856e-09]], "badness_naive": [{"md": 0.4478383710678193}, {"md": 0.35090715230827607}, {"md": 0.27816659519739867}, {"md": 0.27452218842972065}, {"md": 0.26395096533767687}, {"md": 0.23105330619031578}, {"md": 0.24665894618707845}, {"md": 0.2215111774685619}, {"md": 0.2384260761518493}, {"md": 0.22284013648816428}, {"md": 0.21221590675187538}, {"md": 0.20520001236592517}]}