{"badness": [{"rmsd": 0.08806329839608205, "md": 0.2846252555730406}], "evaluation": [[146, 150]]}