{"voronoid_sigmoid": [[0.36787944117144233, 0.021637370719493093, 0.0012726338013398083, 7.485182988770063e-05, 4.402520529973929e-06, 2.5894072390642683e-07, 1.5229979744712642e-08], [0.36787944117144233, 0.021637370719493093, 0.0012726338013398083, 7.485182988770063e-05, 4.402520529973929e-06, 2.5894072390642683e-07, 1.5229979744712642e-08], [0.36787944117144233, 0.021637370719493093, 0.0012726338013398083, 7.485182988770063e-05, 4.402520529973929e-06, 2.5894072390642683e-07, 1.5229979744712642e-08], [0.36787944117144233, 0.021637370719493093, 0.0012726338013398083, 7.485182988770063e-05, 4.402520529973929e-06, 2.5894072390642683e-07, 1.5229979744712642e-08], [0.36787944117144233, 0.021637370719493093, 0.0012726338013398083, 7.485182988770063e-05, 4.402520529973929e-06, 2.5894072390642683e-07, 1.5229979744712642e-08], [0.36787944117144233, 0.021637370719493093, 0.0012726338013398083, 7.485182988770063e-05, 4.402520529973929e-06, 2.5894072390642683e-07, 1.5229979744712642e-08], [0.36787944117144233, 0.021637370719493093, 0.0012726338013398083, 7.485182988770063e-05, 4.402520529973929e-06, 2.5894072390642683e-07, 1.5229979744712642e-08], [0.36787944117144233, 0.021637370719493093, 0.0012726338013398083, 7.485182988770063e-05, 4.402520529973929e-06, 2.5894072390642683e-07, 1.5229979744712642e-08], [0.36787944117144233, 0.021637370719493093, 0.0012726338013398083, 7.485182988770063e-05, 4.402520529973929e-06, 2.5894072390642683e-07, 1.5229979744712642e-08], [0.36787944117144233, 0.021637370719493093, 0.0012726338013398083, 7.485182988770063e-05, 4.402520529973929e-06, 2.5894072390642683e-07, 1.5229979744712642e-08], [0.36787944117144233, 0.021637370719493093, 0.0012726338013398083, 7.485182988770063e-05, 4.402520529973929e-06, 2.5894072390642683e-07, 1.5229979744712642e-08], [0.36787944117144233, 0.021637370719493093, 0.0012726338013398083, 7.485182988770063e-05, 4.402520529973929e-06, 2.5894072390642683e-07, 1.5229979744712642e-08], [0.36787944117144233, 0.021637370719493093, 0.0012726338013398083, 7.485182988770063e-05, 4.402520529973929e-06, 2.5894072390642683e-07, 1.5229979744712642e-08], [0.36787944117144233, 0.021637370719493093, 0.0012726338013398083, 7.485182988770063e-05, 4.402520529973929e-06, 2.5894072390642683e-07, 1.5229979744712642e-08], [0.36787944117144233, 0.021637370719493093, 0.0012726338013398083, 7.485182988770063e-05, 4.402520529973929e-06, 2.5894072390642683e-07, 1.5229979744712642e-08]], "badness_naive": [{"md": 0.4164481791557767}, {"md": 0.31853482529642363}, {"md": 0.27631008669067736}, {"md": 0.24095929577647185}, {"md": 0.23023703504428344}, {"md": 0.21307421556013378}, {"md": 0.1991097696369121}, {"md": 0.18954691992303593}, {"md": 0.18472227562915114}, {"md": 0.16983529833249564}, {"md": 0.40990271014693047}, {"md": 0.2987411050404807}, {"md": 0.26184331640759023}, {"md": 0.19449880332672653}, {"md": 0.1727758413032898}], "name": ["prob-0.01", "prob-0.02", "prob-0.03", "prob-0.04", "prob-0.05", "prob-0.06", "prob-0.07", "prob-0.08", "prob-0.09", "prob-0.1", "some-3-prob-0.1", "some-4-prob-0.1", "some-5-prob-0.1", "some-6-prob-0.1", "some-7-prob-0.1"], "evaluation_kmeans_3": [[316, 693], [418, 693], [554, 693], [510, 693], [553, 693], [538, 693], [541, 693], [523, 693], [560, 693], [567, 693], [249, 693], [334, 693], [417, 693], [497, 693], [574, 693]], "badness_hierarchical_voronoid_filling": [[0.9750872690579041, 0.9434878153505903, 0.9161606443826069, 0.889779183800938, 0.8645270831464205, 0.8399066909630568, 0.8158970825100332], [0.94691411350248, 0.8777402500089695, 0.8182970386328345, 0.7623784757621159, 0.7092972417551375, 0.6593698140460147, 0.6132032007202171], [0.9240377239752308, 0.8271213160606161, 0.7446553799591001, 0.6680929013090764, 0.5970522933088506, 0.5311019350204995, 0.47108198028063664], [0.9006740256514786, 0.7769084895752123, 0.6706904435342398, 0.5721384890708192, 0.4804069005401715, 0.3959203742092406, 0.31898108450879425], [0.8701306511772335, 0.709961601632595, 0.5812309310888019, 0.4644172973613928, 0.36074444209700246, 0.2699181342917404, 0.19492295860071018], [0.8441443943311151, 0.6518027288062578, 0.49795243976881376, 0.36711554605486274, 0.25940500575940684, 0.17468511223986627, 0.11731551516711144], [0.8187162496737763, 0.5924099104363071, 0.4172717558836703, 0.27722511518509024, 0.1770422615189419, 0.115944222548983, 0.07672682869902087], [0.7954368332030103, 0.5476889720836408, 0.36369515768753613, 0.22577202214813033, 0.13487965270714317, 0.08096203062669942, 0.04806457619724732], [0.775778853900426, 0.5075759494252545, 0.3128182796872596, 0.17549840211327958, 0.09117630571558231, 0.04602864406003296, 0.022584567169559925], [0.7493403164867953, 0.451550303320068, 0.248826143876308, 0.12683064451599013, 0.060030899197152994, 0.029555136268260552, 0.018689539154436274], [0.7551780408903043, 0.5065416161990871, 0.37517423106499637, 0.3031966210978904, 0.2520335782217745, 0.2069227949515777, 0.1774191995846366], [0.7719839296056283, 0.5175921059725568, 0.34795656250407053, 0.22706034110802506, 0.14576800906948226, 0.1014395925678601, 0.06880316537005635], [0.7460764882367901, 0.4607274391516315, 0.28668705076096174, 0.18652712167506375, 0.13011707185672458, 0.09367021572708834, 0.06660315782596354], [0.7554762462160677, 0.4653335220232765, 0.2735477871875159, 0.15771989297476668, 0.1003307252107847, 0.06809156036611319, 0.04862385271313726], [0.7451474719998208, 0.45111138751029567, 0.24695617738331568, 0.11767723813200133, 0.04977178960109147, 0.01807818109429039, 0.010209639897565166]]}