{"badness": [{"rmsd": 0.12922639379547282, "md": 0.33879414083633164}, {"rmsd": 0.30411582723828673, "md": 0.4245181678332947}, {"rmsd": 0.13365762450330715, "md": 0.3421643172516201}], "evaluation": [[70.7, 148.4], [70.9, 148.4], [72.0, 148.4]]}