{"voronoid_sigmoid": [[0.36787944117144233, 0.021637370719493093, 0.0012726338013398083, 7.485182988770063e-05, 4.402520529973929e-06, 2.5894072390642683e-07, 1.5229979744712642e-08], [0.36787944117144233, 0.021637370719493093, 0.0012726338013398083, 7.485182988770063e-05, 4.402520529973929e-06, 2.5894072390642683e-07, 1.5229979744712642e-08], [0.36787944117144233, 0.021637370719493093, 0.0012726338013398083, 7.485182988770063e-05, 4.402520529973929e-06, 2.5894072390642683e-07, 1.5229979744712642e-08], [0.36787944117144233, 0.021637370719493093, 0.0012726338013398083, 7.485182988770063e-05, 4.402520529973929e-06, 2.5894072390642683e-07, 1.5229979744712642e-08], [0.36787944117144233, 0.021637370719493093, 0.0012726338013398083, 7.485182988770063e-05, 4.402520529973929e-06, 2.5894072390642683e-07, 1.5229979744712642e-08], [0.36787944117144233, 0.021637370719493093, 0.0012726338013398083, 7.485182988770063e-05, 4.402520529973929e-06, 2.5894072390642683e-07, 1.5229979744712642e-08], [0.36787944117144233, 0.021637370719493093, 0.0012726338013398083, 7.485182988770063e-05, 4.402520529973929e-06, 2.5894072390642683e-07, 1.5229979744712642e-08], [0.36787944117144233, 0.021637370719493093, 0.0012726338013398083, 7.485182988770063e-05, 4.402520529973929e-06, 2.5894072390642683e-07, 1.5229979744712642e-08], [0.36787944117144233, 0.021637370719493093, 0.0012726338013398083, 7.485182988770063e-05, 4.402520529973929e-06, 2.5894072390642683e-07, 1.5229979744712642e-08], [0.36787944117144233, 0.021637370719493093, 0.0012726338013398083, 7.485182988770063e-05, 4.402520529973929e-06, 2.5894072390642683e-07, 1.5229979744712642e-08], [0.36787944117144233, 0.021637370719493093, 0.0012726338013398083, 7.485182988770063e-05, 4.402520529973929e-06, 2.5894072390642683e-07, 1.5229979744712642e-08], [0.36787944117144233, 0.021637370719493093, 0.0012726338013398083, 7.485182988770063e-05, 4.402520529973929e-06, 2.5894072390642683e-07, 1.5229979744712642e-08], [0.36787944117144233, 0.021637370719493093, 0.0012726338013398083, 7.485182988770063e-05, 4.402520529973929e-06, 2.5894072390642683e-07, 1.5229979744712642e-08], [0.36787944117144233, 0.021637370719493093, 0.0012726338013398083, 7.485182988770063e-05, 4.402520529973929e-06, 2.5894072390642683e-07, 1.5229979744712642e-08], [0.36787944117144233, 0.021637370719493093, 0.0012726338013398083, 7.485182988770063e-05, 4.402520529973929e-06, 2.5894072390642683e-07, 1.5229979744712642e-08]], "badness_naive": [{"md": 0.36521004894077796}, {"md": 0.29346261968269105}, {"md": 0.26302062907431856}, {"md": 0.222560188685146}, {"md": 0.21149722468611365}, {"md": 0.1978061417213391}, {"md": 0.18993295146352696}, {"md": 0.1876336568663658}, {"md": 0.17199787341559095}, {"md": 0.15867640056795784}, {"md": 0.4047404050737885}, {"md": 0.24715820658989693}, {"md": 0.20452147160960124}, {"md": 0.1763670801036302}, {"md": 0.16389147486409006}], "name": ["prob-0.01", "prob-0.02", "prob-0.03", "prob-0.04", "prob-0.05", "prob-0.06", "prob-0.07", "prob-0.08", "prob-0.09", "prob-0.1", "some-3-prob-0.1", "some-4-prob-0.1", "some-5-prob-0.1", "some-6-prob-0.1", "some-7-prob-0.1"], "evaluation_kmeans_3": [[134, 210], [170, 210], [182, 210], [162, 210], [166, 210], [163, 210], [167, 210], [156, 210], [181, 210], [174, 210], [81, 210], [120, 210], [141, 210], [159, 210], [179, 210]], "badness_hierarchical_voronoid_filling": [[0.9746589670087398, 0.9404473555691285, 0.9099016125721603, 0.8803210246166504, 0.8514634107922299, 0.8234914061973978, 0.7960133852230721], [0.9411163200074252, 0.8587322132998998, 0.791669156932789, 0.7315273337973732, 0.6761081569018009, 0.6232919232008748, 0.5735403021264344], [0.9200872597409612, 0.8119391049036451, 0.72025743065694, 0.6347191622644592, 0.5561167755243979, 0.4841080322097962, 0.4180927616310134], [0.8887906814568286, 0.7378997500235236, 0.6115970223590685, 0.4974082505151817, 0.3945808111732308, 0.3062281652516403, 0.23616329906339978], [0.8626136812313909, 0.6743588397713143, 0.5216194867452574, 0.39001562453769956, 0.2799655769933054, 0.19545881579534452, 0.13952562245641834], [0.8401373945182328, 0.6291817254420585, 0.458626712086746, 0.31340023888334945, 0.2007688143438777, 0.12762543255563003, 0.08285060403386098], [0.8152414711821879, 0.5743502628329576, 0.38977097914791575, 0.24490398808527095, 0.13086652140548513, 0.06318375628685977, 0.029143888652901042], [0.7901482284163083, 0.5173447815327186, 0.31570718785638135, 0.17062131571118866, 0.08753112624559423, 0.045992724604752504, 0.024143761008367334], [0.7578592033903361, 0.45041232485303856, 0.24318849996421732, 0.12188137452862954, 0.07230819206859387, 0.05129422013299175, 0.03993864158746093], [0.7374042709651589, 0.4061789754158296, 0.1897217149230371, 0.07299115842293222, 0.02496645615293386, 0.01234684324808144, 0.006903886637150928], [0.7324042226666765, 0.4484218993606507, 0.3185200951720335, 0.2494850855265417, 0.20278457176249892, 0.1759677978745201, 0.1530484110798502], [0.7459549650189793, 0.4483952097677182, 0.27396299478389624, 0.16482532192060412, 0.0970252479833403, 0.04891074254007867, 0.01597089430360153], [0.7426516285571226, 0.4260868010587587, 0.23945284629934005, 0.1414073321437074, 0.08228236767986384, 0.04587514890702343, 0.02257246001228448], [0.7305334367332973, 0.393730243857586, 0.19770202031473758, 0.10267904689203382, 0.05791087137116109, 0.03332777151858368, 0.016858690746224217], [0.7357091310526852, 0.40675023564859725, 0.19750513497173375, 0.0845324367414303, 0.033195929474541905, 0.014545761473773301, 0.006233778279773503]]}