{"voronoid_sigmoid": [[0.36787944117144233, 0.021637370719493093, 0.0012726338013398083, 7.485182988770063e-05, 4.402520529973929e-06, 2.5894072390642683e-07, 1.5229979744712642e-08], [0.36787944117144233, 0.021637370719493093, 0.0012726338013398083, 7.485182988770063e-05, 4.402520529973929e-06, 2.5894072390642683e-07, 1.5229979744712642e-08], [0.36787944117144233, 0.021637370719493093, 0.0012726338013398083, 7.485182988770063e-05, 4.402520529973929e-06, 2.5894072390642683e-07, 1.5229979744712642e-08], [0.36787944117144233, 0.021637370719493093, 0.0012726338013398083, 7.485182988770063e-05, 4.402520529973929e-06, 2.5894072390642683e-07, 1.5229979744712642e-08], [0.36787944117144233, 0.021637370719493093, 0.0012726338013398083, 7.485182988770063e-05, 4.402520529973929e-06, 2.5894072390642683e-07, 1.5229979744712642e-08], [0.36787944117144233, 0.021637370719493093, 0.0012726338013398083, 7.485182988770063e-05, 4.402520529973929e-06, 2.5894072390642683e-07, 1.5229979744712642e-08], [0.36787944117144233, 0.021637370719493093, 0.0012726338013398083, 7.485182988770063e-05, 4.402520529973929e-06, 2.5894072390642683e-07, 1.5229979744712642e-08], [0.36787944117144233, 0.021637370719493093, 0.0012726338013398083, 7.485182988770063e-05, 4.402520529973929e-06, 2.5894072390642683e-07, 1.5229979744712642e-08], [0.36787944117144233, 0.021637370719493093, 0.0012726338013398083, 7.485182988770063e-05, 4.402520529973929e-06, 2.5894072390642683e-07, 1.5229979744712642e-08], [0.36787944117144233, 0.021637370719493093, 0.0012726338013398083, 7.485182988770063e-05, 4.402520529973929e-06, 2.5894072390642683e-07, 1.5229979744712642e-08], [0.36787944117144233, 0.021637370719493093, 0.0012726338013398083, 7.485182988770063e-05, 4.402520529973929e-06, 2.5894072390642683e-07, 1.5229979744712642e-08], [0.36787944117144233, 0.021637370719493093, 0.0012726338013398083, 7.485182988770063e-05, 4.402520529973929e-06, 2.5894072390642683e-07, 1.5229979744712642e-08], [0.36787944117144233, 0.021637370719493093, 0.0012726338013398083, 7.485182988770063e-05, 4.402520529973929e-06, 2.5894072390642683e-07, 1.5229979744712642e-08], [0.36787944117144233, 0.021637370719493093, 0.0012726338013398083, 7.485182988770063e-05, 4.402520529973929e-06, 2.5894072390642683e-07, 1.5229979744712642e-08], [0.36787944117144233, 0.021637370719493093, 0.0012726338013398083, 7.485182988770063e-05, 4.402520529973929e-06, 2.5894072390642683e-07, 1.5229979744712642e-08]], "badness_naive": [{"md": 0.21883121507727965}, {"md": 0.19959685714487652}, {"md": 0.17979396356685234}, {"md": 0.17345555189813808}, {"md": 0.16509469514933783}, {"md": 0.1553812115134618}, {"md": 0.1503413307507392}, {"md": 0.14585713596103297}, {"md": 0.1405927802550933}, {"md": 0.13491196234419134}, {"md": 0.16696427508761164}, {"md": 0.13883822721787198}, {"md": 0.1576610268418592}, {"md": 0.15496654573087862}, {"md": 0.15161299213272403}], "name": ["prob-0.01", "prob-0.02", "prob-0.03", "prob-0.04", "prob-0.05", "prob-0.06", "prob-0.07", "prob-0.08", "prob-0.09", "prob-0.1", "some-3-prob-0.1", "some-4-prob-0.1", "some-5-prob-0.1", "some-6-prob-0.1", "some-7-prob-0.1"], "evaluation_kmeans_3": [[527, 1469], [552, 1469], [614, 1469], [698, 1469], [647, 1469], [702, 1469], [752, 1469], [710, 1469], [689, 1469], [695, 1469], [311, 1469], [525, 1469], [437, 1469], [255, 1469], [371, 1469]], "badness_hierarchical_voronoid_filling": [[0.954923668395844, 0.8796276070275624, 0.8126397283720099, 0.7474494494095404, 0.6844663397128772, 0.6239036715600069, 0.5659484365787204], [0.9105902112288576, 0.7626365418144962, 0.6323222163664242, 0.5085208332731441, 0.3929793158245156, 0.28979372669234515, 0.20195271355685515], [0.8644502328579194, 0.644058893089087, 0.45339216960592016, 0.28617936713079384, 0.1587661449378996, 0.07357108574443592, 0.030263453576450883], [0.8269260708908518, 0.5422171031570324, 0.3044295150650101, 0.12194175044411927, 0.03803612375370122, 0.014526569499671951, 0.007153242660843713], [0.7790223310385309, 0.4315092325136129, 0.17569834798549092, 0.04668284304315565, 0.009070786620469255, 0.0008134070483867929, 2.297680193473178e-05], [0.7380263195745436, 0.3252112545769778, 0.08487179965336224, 0.02578517727031786, 0.010997560512282274, 0.004134114170502825, 0.0009265465131410602], [0.7012819677831676, 0.2439803164461404, 0.032658813828441366, 0.008977414806891315, 0.0017222356065844408, 0.0, 0.0], [0.6558587178904122, 0.1569217496276939, 0.01624637576087607, 0.003482280904800654, 0.00016199670397433342, 0.0, 0.0], [0.6180478991780117, 0.10392330849451428, 0.01234871048403733, 0.002163190702992279, 1.1152930234857145e-05, 0.0, 0.0], [0.5772696782541739, 0.06047779609233434, 0.011071029385850849, 0.0015831460091837188, 0.0, 0.0, 0.0], [0.715745262231735, 0.2868654977613376, 0.08553810173685679, 0.024275336344562505, 0.006271903548288488, 0.0, 0.0], [0.5932969232527341, 0.06144305196806506, 0.0013733964438822092, 0.0, 0.0, 0.0, 0.0], [0.7306930259454172, 0.3110591986826404, 0.08278186388148442, 0.00938402822160261, 0.00018557160447279524, 0.0, 0.0], [0.6987618746139399, 0.24962441200852717, 0.06395293666887712, 0.011919104135085694, 0.004308742253948087, 0.001538269108436186, 0.0], [0.6835814560898054, 0.20193260351054385, 0.020460996160908105, 0.004074134249079315, 0.0007016357053743332, 0.0, 0.0]]}