{"evaluation": [[2992, 3498]], "badness": [{"rmsd": 0.3378832467914343, "md": 0.5679140629271726}]}