{"evaluation_kmeans_3": [[145, 210], [157, 210], [184, 210], [175, 210], [184, 210], [182, 210], [177, 210], [170, 210], [180, 210], [173, 210], [78, 210], [119, 210], [140, 210], [157, 210], [169, 210]], "name": ["prob-0.01", "prob-0.02", "prob-0.03", "prob-0.04", "prob-0.05", "prob-0.06", "prob-0.07", "prob-0.08", "prob-0.09", "prob-0.1", "some-3-prob-0.1", "some-4-prob-0.1", "some-5-prob-0.1", "some-6-prob-0.1", "some-7-prob-0.1"], "badness_majority_voronoid": [[0.9930741022212195, 0.9759692265670403, 0.9608403795818984, 0.9464495032024605, 0.9323462578583801, 0.9178334537327948, 0.903538771697588], [0.9861478719959447, 0.9519332921728237, 0.9217149445543077, 0.8921999014768053, 0.862863687608487, 0.8343254787774569, 0.80669647911912], [0.9793838711356819, 0.9289478991546801, 0.8840348347807402, 0.8412802270496177, 0.801030877855401, 0.7634832198325225, 0.7286675814703909], [0.972445605731938, 0.9064390232183633, 0.849468038183958, 0.7963941287120381, 0.7462028500347654, 0.6983281207921477, 0.6540501008750623], [0.9661463431932147, 0.8861407665071263, 0.8172968508296077, 0.7524266793467966, 0.6930201602673005, 0.6391893652505882, 0.5907715203406855], [0.9587384341565461, 0.8612982762011496, 0.7787198728505511, 0.7049228501314853, 0.6400466617386673, 0.5840097410057048, 0.5345494733216675], [0.95375835445173, 0.8474570367023992, 0.7609760615416339, 0.682628920144494, 0.6138773267027526, 0.5549450297972304, 0.5048008440727199], [0.9461413672465565, 0.8245101610004588, 0.7238978610321748, 0.6370470605954455, 0.5620441228188405, 0.49914439635554875, 0.4467333098988836], [0.9383485324551029, 0.7967368262796768, 0.6824828084565648, 0.582709978410079, 0.49968794839285535, 0.4316468327765055, 0.3762141655756879], [0.9320825591542155, 0.7742166340816807, 0.6481395249006222, 0.541635886458528, 0.4554709234225134, 0.3866207392288964, 0.33222288714005166], [0.9314648821981637, 0.78474454047622, 0.6906574905631375, 0.6243838353666455, 0.5687740067764564, 0.5298199762871623, 0.5025798504444815], [0.9315777818089181, 0.7690968111702882, 0.6389204324885553, 0.5290403729331705, 0.4389659686860419, 0.3655452628022372, 0.3054824904032999], [0.931441629134665, 0.7739231700728731, 0.6548238246021786, 0.5608371924948438, 0.48418731008119653, 0.41698007407889803, 0.36400472085769675], [0.9319945522395524, 0.7776222476655341, 0.6525270243429877, 0.5481459579994825, 0.4595487992954075, 0.3891584858033138, 0.3344119433613173], [0.9324325238292146, 0.7781171251579146, 0.6540089182758468, 0.5511833979145352, 0.4608726612069357, 0.3846912209816369, 0.3238241988272562]], "voronoid_sigmoid": [[0.36787944117144233, 0.015503853599009331, 0.0006533919798673809, 2.753644934974717e-05, 1.1604918121968616e-06, 4.890758532702115e-08, 2.06115362243856e-09], [0.36787944117144233, 0.015503853599009331, 0.0006533919798673809, 2.753644934974717e-05, 1.1604918121968616e-06, 4.890758532702115e-08, 2.06115362243856e-09], [0.36787944117144233, 0.015503853599009331, 0.0006533919798673809, 2.753644934974717e-05, 1.1604918121968616e-06, 4.890758532702115e-08, 2.06115362243856e-09], [0.36787944117144233, 0.015503853599009331, 0.0006533919798673809, 2.753644934974717e-05, 1.1604918121968616e-06, 4.890758532702115e-08, 2.06115362243856e-09], [0.36787944117144233, 0.015503853599009331, 0.0006533919798673809, 2.753644934974717e-05, 1.1604918121968616e-06, 4.890758532702115e-08, 2.06115362243856e-09], [0.36787944117144233, 0.015503853599009331, 0.0006533919798673809, 2.753644934974717e-05, 1.1604918121968616e-06, 4.890758532702115e-08, 2.06115362243856e-09], [0.36787944117144233, 0.015503853599009331, 0.0006533919798673809, 2.753644934974717e-05, 1.1604918121968616e-06, 4.890758532702115e-08, 2.06115362243856e-09], [0.36787944117144233, 0.015503853599009331, 0.0006533919798673809, 2.753644934974717e-05, 1.1604918121968616e-06, 4.890758532702115e-08, 2.06115362243856e-09], [0.36787944117144233, 0.015503853599009331, 0.0006533919798673809, 2.753644934974717e-05, 1.1604918121968616e-06, 4.890758532702115e-08, 2.06115362243856e-09], [0.36787944117144233, 0.015503853599009331, 0.0006533919798673809, 2.753644934974717e-05, 1.1604918121968616e-06, 4.890758532702115e-08, 2.06115362243856e-09], [0.36787944117144233, 0.015503853599009331, 0.0006533919798673809, 2.753644934974717e-05, 1.1604918121968616e-06, 4.890758532702115e-08, 2.06115362243856e-09], [0.36787944117144233, 0.015503853599009331, 0.0006533919798673809, 2.753644934974717e-05, 1.1604918121968616e-06, 4.890758532702115e-08, 2.06115362243856e-09], [0.36787944117144233, 0.015503853599009331, 0.0006533919798673809, 2.753644934974717e-05, 1.1604918121968616e-06, 4.890758532702115e-08, 2.06115362243856e-09], [0.36787944117144233, 0.015503853599009331, 0.0006533919798673809, 2.753644934974717e-05, 1.1604918121968616e-06, 4.890758532702115e-08, 2.06115362243856e-09], [0.36787944117144233, 0.015503853599009331, 0.0006533919798673809, 2.753644934974717e-05, 1.1604918121968616e-06, 4.890758532702115e-08, 2.06115362243856e-09]], "badness_naive": [{"md": 0.36521004894077796}, {"md": 0.29346261968269105}, {"md": 0.26302062907431856}, {"md": 0.222560188685146}, {"md": 0.21149722468611365}, {"md": 0.1978061417213391}, {"md": 0.18993295146352696}, {"md": 0.1876336568663658}, {"md": 0.17199787341559095}, {"md": 0.15867640056795784}, {"md": 0.4047404050737885}, {"md": 0.24715820658989693}, {"md": 0.20452147160960124}, {"md": 0.1763670801036302}, {"md": 0.16389147486409006}]}