{"badness": [{"rmsd": 0.06674023757479701, "md": 0.25468743614540723}, {"rmsd": 0.08480066023688737, "md": 0.2883698274603684}, {"rmsd": 0.10468872243909914, "md": 0.31857167826595056}], "evaluation": [[117.6, 137.2], [117.1, 137.2], [117.7, 137.2]]}