{"evaluation_kmeans_3": [[320, 693], [388, 693], [549, 693], [560, 693], [538, 693], [526, 693], [558, 693], [565, 693], [569, 693], [579, 693], [257, 693], [324, 693], [399, 693], [495, 693], [565, 693]], "name": ["prob-0.01", "prob-0.02", "prob-0.03", "prob-0.04", "prob-0.05", "prob-0.06", "prob-0.07", "prob-0.08", "prob-0.09", "prob-0.1", "some-3-prob-0.1", "some-4-prob-0.1", "some-5-prob-0.1", "some-6-prob-0.1", "some-7-prob-0.1"], "badness_majority_voronoid": [[0.9931424211717745, 0.9760384839756744, 0.9604885082757192, 0.9451483741093687, 0.9300505706473554, 0.9152463994315096, 0.9007815674237925], [0.9864113670918798, 0.9553171071978865, 0.9294938110140826, 0.9038096418093563, 0.8794018499774541, 0.8549237348869517, 0.8314281263988332], [0.9796522759779468, 0.933757941112488, 0.8971175136994917, 0.8594941129827284, 0.8233073978068517, 0.7892738990456825, 0.7574718394457842], [0.9727007187801026, 0.9077448240007484, 0.8522576872057904, 0.7999843041560587, 0.7519156565237978, 0.7080940781318134, 0.6676836095861229], [0.9663747074930725, 0.8842909705682815, 0.8121468147042039, 0.7447250753496402, 0.6827194691861251, 0.6257724337934394, 0.5723195993210091], [0.9587831646266605, 0.8650180043064783, 0.7860012372857076, 0.7130653097741959, 0.6460165726168636, 0.5864252950082459, 0.5332023257424976], [0.9523077740362941, 0.8436899605531122, 0.7518541574120766, 0.6717611172246853, 0.6034514823267633, 0.5433457038807368, 0.48750625499540734], [0.9457971457978418, 0.8250688526267327, 0.7271184125122672, 0.6418931588956049, 0.5652886424398362, 0.500378796186753, 0.4450793598246149], [0.9389970426796994, 0.8001012657645836, 0.6886763579005432, 0.5940299369661901, 0.5131098746597744, 0.4461303660473943, 0.3909251326406604], [0.9322545647752706, 0.7823308114099004, 0.660832871354515, 0.5596745397109736, 0.47550328802743547, 0.4078510411002526, 0.35378936828544283], [0.9332569038901879, 0.7905488683178128, 0.6964417070844551, 0.6338719955154188, 0.5835518501992751, 0.5482636720544658, 0.5235395175516648], [0.934866898786386, 0.8031046542394314, 0.7005134410436129, 0.6195076294205932, 0.5517613109530768, 0.49675216578116, 0.45457234727404705], [0.9335055289016149, 0.7864777841426291, 0.6730124009142228, 0.5834575374254762, 0.5106620541101266, 0.4508866290204795, 0.40436834662076326], [0.9349419088589088, 0.7876669262693536, 0.6685918348546338, 0.5692094230599398, 0.4859927484723673, 0.4196851419057772, 0.36755772142479615], [0.9321470968670127, 0.7745332517739112, 0.6473410064583931, 0.539299320962108, 0.44817302163849804, 0.37429754035547724, 0.31509923754233626]], "voronoid_sigmoid": [[0.36787944117144233, 0.015503853599009331, 0.0006533919798673809, 2.753644934974717e-05, 1.1604918121968616e-06, 4.890758532702115e-08, 2.06115362243856e-09], [0.36787944117144233, 0.015503853599009331, 0.0006533919798673809, 2.753644934974717e-05, 1.1604918121968616e-06, 4.890758532702115e-08, 2.06115362243856e-09], [0.36787944117144233, 0.015503853599009331, 0.0006533919798673809, 2.753644934974717e-05, 1.1604918121968616e-06, 4.890758532702115e-08, 2.06115362243856e-09], [0.36787944117144233, 0.015503853599009331, 0.0006533919798673809, 2.753644934974717e-05, 1.1604918121968616e-06, 4.890758532702115e-08, 2.06115362243856e-09], [0.36787944117144233, 0.015503853599009331, 0.0006533919798673809, 2.753644934974717e-05, 1.1604918121968616e-06, 4.890758532702115e-08, 2.06115362243856e-09], [0.36787944117144233, 0.015503853599009331, 0.0006533919798673809, 2.753644934974717e-05, 1.1604918121968616e-06, 4.890758532702115e-08, 2.06115362243856e-09], [0.36787944117144233, 0.015503853599009331, 0.0006533919798673809, 2.753644934974717e-05, 1.1604918121968616e-06, 4.890758532702115e-08, 2.06115362243856e-09], [0.36787944117144233, 0.015503853599009331, 0.0006533919798673809, 2.753644934974717e-05, 1.1604918121968616e-06, 4.890758532702115e-08, 2.06115362243856e-09], [0.36787944117144233, 0.015503853599009331, 0.0006533919798673809, 2.753644934974717e-05, 1.1604918121968616e-06, 4.890758532702115e-08, 2.06115362243856e-09], [0.36787944117144233, 0.015503853599009331, 0.0006533919798673809, 2.753644934974717e-05, 1.1604918121968616e-06, 4.890758532702115e-08, 2.06115362243856e-09], [0.36787944117144233, 0.015503853599009331, 0.0006533919798673809, 2.753644934974717e-05, 1.1604918121968616e-06, 4.890758532702115e-08, 2.06115362243856e-09], [0.36787944117144233, 0.015503853599009331, 0.0006533919798673809, 2.753644934974717e-05, 1.1604918121968616e-06, 4.890758532702115e-08, 2.06115362243856e-09], [0.36787944117144233, 0.015503853599009331, 0.0006533919798673809, 2.753644934974717e-05, 1.1604918121968616e-06, 4.890758532702115e-08, 2.06115362243856e-09], [0.36787944117144233, 0.015503853599009331, 0.0006533919798673809, 2.753644934974717e-05, 1.1604918121968616e-06, 4.890758532702115e-08, 2.06115362243856e-09], [0.36787944117144233, 0.015503853599009331, 0.0006533919798673809, 2.753644934974717e-05, 1.1604918121968616e-06, 4.890758532702115e-08, 2.06115362243856e-09]], "badness_naive": [{"md": 0.4164481791557767}, {"md": 0.31853482529642363}, {"md": 0.27631008669067736}, {"md": 0.24095929577647185}, {"md": 0.23023703504428344}, {"md": 0.21307421556013378}, {"md": 0.1991097696369121}, {"md": 0.18954691992303593}, {"md": 0.18472227562915114}, {"md": 0.16983529833249564}, {"md": 0.40990271014693047}, {"md": 0.2987411050404807}, {"md": 0.26184331640759023}, {"md": 0.19449880332672653}, {"md": 0.1727758413032898}]}