{"evaluation_kmeans_3": [[61, 445], [121, 445], [156, 445], [202, 445], [139, 445], [225, 445], [244, 445], [250, 445], [213, 445], [244, 445], [163, 445], [187, 445], [161, 445], [185, 445], [119, 445], [165, 445]], "name": ["prob-0.01", "prob-0.02", "prob-0.03", "prob-0.04", "prob-0.05", "prob-0.06", "prob-0.07", "prob-0.08", "prob-0.09", "prob-0.1", "some-5-prob-0.1", "some-6-prob-0.1", "some-7-prob-0.1", "some-8-prob-0.1", "some-9-prob-0.1", "some-10-prob-0.1"], "badness_majority_voronoid": [[0.9933294607847142, 0.9766826610254383, 0.9615221258866514, 0.9465261370273736, 0.9317151684091163, 0.9171318351321788, 0.9028174792166673], [0.9867061077115523, 0.9549691710434883, 0.9287071364218499, 0.9051720772626238, 0.8816574306945859, 0.8597260322919988, 0.8385423505809448], [0.9803207895205246, 0.940861443859439, 0.9110196583834222, 0.8801036684008006, 0.852370719566119, 0.8273521119272296, 0.8033018594451282], [0.9736562251799951, 0.9103619809765326, 0.8553635970674898, 0.8047845602396098, 0.7589504779567369, 0.7178682347499576, 0.6813212050349506], [0.9677172819385302, 0.8936635774172054, 0.8310065552936331, 0.7748198562340975, 0.7249107335052949, 0.6809919856536077, 0.6426187859133705], [0.9600254682345217, 0.8725876017521789, 0.8073424188936766, 0.7525679423748892, 0.7006763501199731, 0.6563273195515941, 0.6186667089489746], [0.9557644986482499, 0.8617754084044955, 0.7893385219029474, 0.7308531855301288, 0.6743556896146892, 0.6244254111239371, 0.5818785386782981], [0.9480332503293455, 0.8370193701302141, 0.7498445779792902, 0.6767389811895498, 0.6095842234272622, 0.5507576003132517, 0.49952201664906337], [0.9419063227839504, 0.8342720390288276, 0.7511624193195509, 0.6851585961686328, 0.633310263596748, 0.5923001234754197, 0.5596625240731357], [0.9379907630956581, 0.8161278111750134, 0.7278114705543389, 0.6604168273308839, 0.6014290357467091, 0.5541345886628248, 0.5165680256624199], [0.940141633148218, 0.8351284431924222, 0.7712811597615462, 0.716542811172565, 0.6642585859939358, 0.6187431508728132, 0.5791395985498693], [0.9456401017520857, 0.8428012897800351, 0.7719947567486866, 0.7118500828171346, 0.6550971660989011, 0.6063500424853627, 0.5642296479990627], [0.9460879904249034, 0.8536022242548408, 0.7905041928852138, 0.7433604398961209, 0.7071228569268162, 0.678802916107503, 0.656493152477797], [0.9416360300879213, 0.8363588549684916, 0.7659951175460524, 0.7022952701430563, 0.6492743582703284, 0.6047942262076157, 0.5672650453615327], [0.9459095283926853, 0.865202581039025, 0.8042347073094425, 0.7577413273150434, 0.7205111640843378, 0.6881225572277756, 0.6598312352852049], [0.9427999372376027, 0.840667964119083, 0.7747880742863321, 0.7166877812451105, 0.66788759470641, 0.6275251092367138, 0.5938367711334085]], "voronoid_sigmoid": [[0.36787944117144233, 0.015503853599009331, 0.0006533919798673809, 2.753644934974717e-05, 1.1604918121968616e-06, 4.890758532702115e-08, 2.06115362243856e-09], [0.36787944117144233, 0.015503853599009331, 0.0006533919798673809, 2.753644934974717e-05, 1.1604918121968616e-06, 4.890758532702115e-08, 2.06115362243856e-09], [0.36787944117144233, 0.015503853599009331, 0.0006533919798673809, 2.753644934974717e-05, 1.1604918121968616e-06, 4.890758532702115e-08, 2.06115362243856e-09], [0.36787944117144233, 0.015503853599009331, 0.0006533919798673809, 2.753644934974717e-05, 1.1604918121968616e-06, 4.890758532702115e-08, 2.06115362243856e-09], [0.36787944117144233, 0.015503853599009331, 0.0006533919798673809, 2.753644934974717e-05, 1.1604918121968616e-06, 4.890758532702115e-08, 2.06115362243856e-09], [0.36787944117144233, 0.015503853599009331, 0.0006533919798673809, 2.753644934974717e-05, 1.1604918121968616e-06, 4.890758532702115e-08, 2.06115362243856e-09], [0.36787944117144233, 0.015503853599009331, 0.0006533919798673809, 2.753644934974717e-05, 1.1604918121968616e-06, 4.890758532702115e-08, 2.06115362243856e-09], [0.36787944117144233, 0.015503853599009331, 0.0006533919798673809, 2.753644934974717e-05, 1.1604918121968616e-06, 4.890758532702115e-08, 2.06115362243856e-09], [0.36787944117144233, 0.015503853599009331, 0.0006533919798673809, 2.753644934974717e-05, 1.1604918121968616e-06, 4.890758532702115e-08, 2.06115362243856e-09], [0.36787944117144233, 0.015503853599009331, 0.0006533919798673809, 2.753644934974717e-05, 1.1604918121968616e-06, 4.890758532702115e-08, 2.06115362243856e-09], [0.36787944117144233, 0.015503853599009331, 0.0006533919798673809, 2.753644934974717e-05, 1.1604918121968616e-06, 4.890758532702115e-08, 2.06115362243856e-09], [0.36787944117144233, 0.015503853599009331, 0.0006533919798673809, 2.753644934974717e-05, 1.1604918121968616e-06, 4.890758532702115e-08, 2.06115362243856e-09], [0.36787944117144233, 0.015503853599009331, 0.0006533919798673809, 2.753644934974717e-05, 1.1604918121968616e-06, 4.890758532702115e-08, 2.06115362243856e-09], [0.36787944117144233, 0.015503853599009331, 0.0006533919798673809, 2.753644934974717e-05, 1.1604918121968616e-06, 4.890758532702115e-08, 2.06115362243856e-09], [0.36787944117144233, 0.015503853599009331, 0.0006533919798673809, 2.753644934974717e-05, 1.1604918121968616e-06, 4.890758532702115e-08, 2.06115362243856e-09], [0.36787944117144233, 0.015503853599009331, 0.0006533919798673809, 2.753644934974717e-05, 1.1604918121968616e-06, 4.890758532702115e-08, 2.06115362243856e-09]], "badness_naive": [{"md": 0.23315179209208586}, {"md": 0.19340613250759783}, {"md": 0.18213138740482063}, {"md": 0.17379185514980808}, {"md": 0.16522130173930952}, {"md": 0.151633926366677}, {"md": 0.15390664854051916}, {"md": 0.13341336174011817}, {"md": 0.13138960402233782}, {"md": 0.13330753272904974}, {"md": 0.14521914540841424}, {"md": 0.1456068125587139}, {"md": 0.145619743328948}, {"md": 0.1341263833542067}, {"md": 0.138476370932831}, {"md": 0.13397531423168038}]}