{"evaluation_kmeans_3": [[2655, 3498], [2992, 3498], [2931, 3498], [3018, 3498], [3039, 3498], [2934, 3498], [3013, 3498], [3014, 3498], [2974, 3498], [3030, 3498], [1522, 3498], [2042, 3498], [2055, 3498], [2511, 3498], [2873, 3498], [3031, 3498]], "name": ["prob-0.01", "prob-0.02", "prob-0.03", "prob-0.04", "prob-0.05", "prob-0.06", "prob-0.07", "prob-0.08", "prob-0.09", "prob-0.1", "some-5-prob-0.1", "some-6-prob-0.1", "some-7-prob-0.1", "some-8-prob-0.1", "some-9-prob-0.1", "some-10-prob-0.1"], "badness_majority_voronoid": [[0.9931603922019892, 0.9762427325991493, 0.9611268755264228, 0.9460602035490956, 0.93124644180465, 0.9167289410937619, 0.9025422161872532], [0.9862228075217179, 0.9519491328699609, 0.9210300251400624, 0.8908762543609019, 0.8614421614477664, 0.8326320127721236, 0.8047082076146472], [0.9793438593478301, 0.9285723703889597, 0.8833608120638213, 0.8397854386128369, 0.7982235933750264, 0.7588959346930648, 0.7195302732800362], [0.972400924152488, 0.9043246789302817, 0.8438893014565942, 0.7861810228464182, 0.7300829957893886, 0.6768353407299736, 0.6267005266482251], [0.9654985698972988, 0.8817032889661007, 0.8085593536378747, 0.7399646871547885, 0.6768245020246528, 0.6194246101755903, 0.5648271436052239], [0.9588112755595645, 0.8581631163602857, 0.7712254312968504, 0.6898240785243605, 0.6140667975980711, 0.5452322480072364, 0.4833986078602972], [0.9516859527436543, 0.8348348013018876, 0.7345106988143306, 0.6437952042616599, 0.5627569312594503, 0.49016858526722606, 0.4252087057530407], [0.9448736825938143, 0.811481791612875, 0.6986912740202215, 0.5982839778127181, 0.5075088122146334, 0.4287108310564911, 0.3617216734034384], [0.9380407588527865, 0.78996192988802, 0.666693853409511, 0.5599229545047726, 0.46777411216778986, 0.38962649901577906, 0.3254185892942635], [0.931102234408904, 0.7661877129585207, 0.6309458185700623, 0.5159927451158697, 0.4182895004118632, 0.3388713548563327, 0.2755090386609351], [0.932027437596614, 0.7809435790202451, 0.6789434808865394, 0.6081560708152405, 0.5541174215719198, 0.5167713664908888, 0.49057573649243114], [0.931613353369854, 0.7730687302767779, 0.6529067203378733, 0.5546433613848492, 0.47987503047352176, 0.42438438943804635, 0.3834626379515462], [0.9315706670535376, 0.7725968475519884, 0.6517826439444232, 0.5585716069266261, 0.48971576604508593, 0.44007587328782216, 0.40471817963327983], [0.9317613389450411, 0.7711893987092371, 0.6445411369789287, 0.5346320876039692, 0.4459977810158009, 0.37677660957414827, 0.32338464871501327], [0.9316047149188919, 0.7681827565531217, 0.6332299181004832, 0.518342667859097, 0.4242880207930675, 0.3494767175104372, 0.2912455547721049], [0.9319530207667391, 0.7693745051159073, 0.6360547085007622, 0.5198552428074275, 0.42240761029029605, 0.34290555227078334, 0.2790757199694378]], "voronoid_sigmoid": [[0.36787944117144233, 0.015503853599009331, 0.0006533919798673809, 2.753644934974717e-05, 1.1604918121968616e-06, 4.890758532702115e-08, 2.06115362243856e-09], [0.36787944117144233, 0.015503853599009331, 0.0006533919798673809, 2.753644934974717e-05, 1.1604918121968616e-06, 4.890758532702115e-08, 2.06115362243856e-09], [0.36787944117144233, 0.015503853599009331, 0.0006533919798673809, 2.753644934974717e-05, 1.1604918121968616e-06, 4.890758532702115e-08, 2.06115362243856e-09], [0.36787944117144233, 0.015503853599009331, 0.0006533919798673809, 2.753644934974717e-05, 1.1604918121968616e-06, 4.890758532702115e-08, 2.06115362243856e-09], [0.36787944117144233, 0.015503853599009331, 0.0006533919798673809, 2.753644934974717e-05, 1.1604918121968616e-06, 4.890758532702115e-08, 2.06115362243856e-09], [0.36787944117144233, 0.015503853599009331, 0.0006533919798673809, 2.753644934974717e-05, 1.1604918121968616e-06, 4.890758532702115e-08, 2.06115362243856e-09], [0.36787944117144233, 0.015503853599009331, 0.0006533919798673809, 2.753644934974717e-05, 1.1604918121968616e-06, 4.890758532702115e-08, 2.06115362243856e-09], [0.36787944117144233, 0.015503853599009331, 0.0006533919798673809, 2.753644934974717e-05, 1.1604918121968616e-06, 4.890758532702115e-08, 2.06115362243856e-09], [0.36787944117144233, 0.015503853599009331, 0.0006533919798673809, 2.753644934974717e-05, 1.1604918121968616e-06, 4.890758532702115e-08, 2.06115362243856e-09], [0.36787944117144233, 0.015503853599009331, 0.0006533919798673809, 2.753644934974717e-05, 1.1604918121968616e-06, 4.890758532702115e-08, 2.06115362243856e-09], [0.36787944117144233, 0.015503853599009331, 0.0006533919798673809, 2.753644934974717e-05, 1.1604918121968616e-06, 4.890758532702115e-08, 2.06115362243856e-09], [0.36787944117144233, 0.015503853599009331, 0.0006533919798673809, 2.753644934974717e-05, 1.1604918121968616e-06, 4.890758532702115e-08, 2.06115362243856e-09], [0.36787944117144233, 0.015503853599009331, 0.0006533919798673809, 2.753644934974717e-05, 1.1604918121968616e-06, 4.890758532702115e-08, 2.06115362243856e-09], [0.36787944117144233, 0.015503853599009331, 0.0006533919798673809, 2.753644934974717e-05, 1.1604918121968616e-06, 4.890758532702115e-08, 2.06115362243856e-09], [0.36787944117144233, 0.015503853599009331, 0.0006533919798673809, 2.753644934974717e-05, 1.1604918121968616e-06, 4.890758532702115e-08, 2.06115362243856e-09], [0.36787944117144233, 0.015503853599009331, 0.0006533919798673809, 2.753644934974717e-05, 1.1604918121968616e-06, 4.890758532702115e-08, 2.06115362243856e-09]], "badness_naive": [{"md": 0.5186797548627508}, {"md": 0.4242887212042847}, {"md": 0.39645411406133957}, {"md": 0.34886966543378356}, {"md": 0.3364436779958798}, {"md": 0.3195657172217905}, {"md": 0.3020174734023527}, {"md": 0.2965043181674222}, {"md": 0.28549893372214274}, {"md": 0.27540368079629013}, {"md": 0.5117538095784838}, {"md": 0.4047470860403758}, {"md": 0.45785767015865736}, {"md": 0.35039252108736807}, {"md": 0.2882108199533608}, {"md": 0.27423551462684215}]}