{"evaluation_kmeans_3": [[239, 411], [287, 411], [339, 411], [327, 411], [337, 411], [337, 411], [337, 411], [327, 411], [328, 411], [340, 411], [187, 411], [340, 411]], "name": ["prob-0.01", "prob-0.02", "prob-0.03", "prob-0.04", "prob-0.05", "prob-0.06", "prob-0.07", "prob-0.08", "prob-0.09", "prob-0.1", "some-1-prob-0.1", "some-2-prob-0.1"], "badness_majority_voronoid": [[0.9935086809289805, 0.9772872216027202, 0.9624516748679012, 0.9476779718334586, 0.9329505727696992, 0.9182786055586141, 0.903673663805262], [0.9862975486110434, 0.9521125758698701, 0.9210095795107177, 0.8902919390289259, 0.8600193432237828, 0.830295847580774, 0.8012214250510732], [0.9798076772906049, 0.929461635554172, 0.8837391423705061, 0.8387158313538339, 0.794523345907319, 0.751351356151216, 0.7093750831049244], [0.9726086416071209, 0.9047953968591369, 0.8445151992106789, 0.7870399692734142, 0.7328810389709842, 0.6802504075365434, 0.6297424405517249], [0.9659147878951375, 0.8820836741128262, 0.80700801664552, 0.7349569935224749, 0.6666315476246882, 0.6026334993377535, 0.5433462557094739], [0.9590117444304226, 0.8611230071159918, 0.7824290418982229, 0.7089373530236658, 0.6390770442046818, 0.5763392596681468, 0.5206662969359526], [0.9517864151581309, 0.8354230227291751, 0.7351642696527384, 0.6430715100448574, 0.5606702857063568, 0.48819268366070734, 0.4217253465892822], [0.9454344651680918, 0.8154287217311195, 0.7022922066548363, 0.5983632754644348, 0.5056602309755764, 0.42491828078317173, 0.35595575604636465], [0.9381881346375475, 0.7901661104090012, 0.6648567211522272, 0.5510330005781001, 0.4519950792841113, 0.36822760295282264, 0.29896836933070015], [0.9312505297138461, 0.7692013244217538, 0.634765334248312, 0.516968611643756, 0.4157747421032574, 0.3328369390674074, 0.2665467604677362], [0.9308678598622011, 0.7622866901308851, 0.6193029538165618, 0.4927097229910311, 0.38480102341958156, 0.29588652647146163, 0.22465953333462219], [0.9311156700083422, 0.769292657544552, 0.6348615287791144, 0.5192073390282299, 0.42243944356722307, 0.34300414163510284, 0.2786471911947802]], "voronoid_sigmoid": [[0.36787944117144233, 0.015503853599009331, 0.0006533919798673809, 2.753644934974717e-05, 1.1604918121968616e-06, 4.890758532702115e-08, 2.06115362243856e-09], [0.36787944117144233, 0.015503853599009331, 0.0006533919798673809, 2.753644934974717e-05, 1.1604918121968616e-06, 4.890758532702115e-08, 2.06115362243856e-09], [0.36787944117144233, 0.015503853599009331, 0.0006533919798673809, 2.753644934974717e-05, 1.1604918121968616e-06, 4.890758532702115e-08, 2.06115362243856e-09], [0.36787944117144233, 0.015503853599009331, 0.0006533919798673809, 2.753644934974717e-05, 1.1604918121968616e-06, 4.890758532702115e-08, 2.06115362243856e-09], [0.36787944117144233, 0.015503853599009331, 0.0006533919798673809, 2.753644934974717e-05, 1.1604918121968616e-06, 4.890758532702115e-08, 2.06115362243856e-09], [0.36787944117144233, 0.015503853599009331, 0.0006533919798673809, 2.753644934974717e-05, 1.1604918121968616e-06, 4.890758532702115e-08, 2.06115362243856e-09], [0.36787944117144233, 0.015503853599009331, 0.0006533919798673809, 2.753644934974717e-05, 1.1604918121968616e-06, 4.890758532702115e-08, 2.06115362243856e-09], [0.36787944117144233, 0.015503853599009331, 0.0006533919798673809, 2.753644934974717e-05, 1.1604918121968616e-06, 4.890758532702115e-08, 2.06115362243856e-09], [0.36787944117144233, 0.015503853599009331, 0.0006533919798673809, 2.753644934974717e-05, 1.1604918121968616e-06, 4.890758532702115e-08, 2.06115362243856e-09], [0.36787944117144233, 0.015503853599009331, 0.0006533919798673809, 2.753644934974717e-05, 1.1604918121968616e-06, 4.890758532702115e-08, 2.06115362243856e-09], [0.36787944117144233, 0.015503853599009331, 0.0006533919798673809, 2.753644934974717e-05, 1.1604918121968616e-06, 4.890758532702115e-08, 2.06115362243856e-09], [0.36787944117144233, 0.015503853599009331, 0.0006533919798673809, 2.753644934974717e-05, 1.1604918121968616e-06, 4.890758532702115e-08, 2.06115362243856e-09]], "badness_naive": [{"md": 0.20881660876221222}, {"md": 0.18041883970747863}, {"md": 0.14871138658401134}, {"md": 0.12889275467894007}, {"md": 0.10303691276525404}, {"md": 0.10061988500821571}, {"md": 0.08776531888400335}, {"md": 0.09069220811999641}, {"md": 0.07041684580711187}, {"md": 0.07203233707824022}, {"md": 0.1594600256582029}, {"md": 0.06741557712235945}]}