{"evaluation_kmeans_3": [[99, 479], [136, 479], [197, 479], [239, 479], [213, 479], [222, 479], [203, 479], [219, 479], [238, 479], [253, 479], [153, 479], [188, 479], [149, 479], [153, 479]], "name": ["prob-0.01", "prob-0.02", "prob-0.03", "prob-0.04", "prob-0.05", "prob-0.06", "prob-0.07", "prob-0.08", "prob-0.09", "prob-0.1", "some-3-prob-0.1", "some-4-prob-0.1", "some-5-prob-0.1", "some-6-prob-0.1"], "badness_majority_voronoid": [[0.9931960736130147, 0.9763311131065333, 0.9612743073391969, 0.9467941988142435, 0.932949597608983, 0.9197541582387851, 0.9071761083743983], [0.9864494378243897, 0.9547846694519989, 0.9298089277471384, 0.9038693429921941, 0.879392987865335, 0.8564267132477149, 0.8325214518895518], [0.9799462375584055, 0.9326946408500788, 0.8933530243332729, 0.8580337778475634, 0.825095373298814, 0.7953726945298684, 0.7685581909473715], [0.9736239181273629, 0.9130222083418577, 0.8608075635744866, 0.8142069634283003, 0.7692684519053586, 0.726640969667004, 0.686415743888777], [0.9670923262747955, 0.9016919664378242, 0.8580718777531767, 0.8243000490379193, 0.7816731045759222, 0.7398991096427492, 0.7010840382579464], [0.9613433931955493, 0.8771322708869131, 0.8098221617734347, 0.7494398396387683, 0.6967771828588409, 0.6514749479897848, 0.6124482806808843], [0.9552283011856826, 0.8624961123025039, 0.7936335116349456, 0.7350375834030122, 0.6817836680960758, 0.6353047034717283, 0.5942219498031165], [0.9484454099056033, 0.84376825977495, 0.763061773015669, 0.6878307352666333, 0.6247795046018647, 0.5680966411597552, 0.5207230939449936], [0.9415149609160107, 0.8190794751577541, 0.7335119839005664, 0.6703142706707365, 0.6102600300396707, 0.5570403791218927, 0.5132279717492596], [0.9340470024627067, 0.8043531707330108, 0.7133715798907034, 0.6341394786280574, 0.5706244583915022, 0.5174754749292065, 0.473462941254169], [0.9521168593058827, 0.8559544151545073, 0.7887432949212849, 0.7363655334824031, 0.6958914540130345, 0.6572527133186739, 0.6222402340217472], [0.95419451104289, 0.854961897794856, 0.7797918896192163, 0.7187670556356314, 0.6675284732528766, 0.6226436805352422, 0.5846314345346622], [0.951973317370807, 0.8549391242846738, 0.7849053893330334, 0.7245269786339529, 0.676347410941297, 0.6370871147477637, 0.6020839246587482], [0.948481495116887, 0.8459966452165535, 0.7811484376593112, 0.7269636134729747, 0.6813237606384637, 0.6428393412318169, 0.6094047361005045]], "voronoid_sigmoid": [[0.36787944117144233, 0.015503853599009331, 0.0006533919798673809, 2.753644934974717e-05, 1.1604918121968616e-06, 4.890758532702115e-08, 2.06115362243856e-09], [0.36787944117144233, 0.015503853599009331, 0.0006533919798673809, 2.753644934974717e-05, 1.1604918121968616e-06, 4.890758532702115e-08, 2.06115362243856e-09], [0.36787944117144233, 0.015503853599009331, 0.0006533919798673809, 2.753644934974717e-05, 1.1604918121968616e-06, 4.890758532702115e-08, 2.06115362243856e-09], [0.36787944117144233, 0.015503853599009331, 0.0006533919798673809, 2.753644934974717e-05, 1.1604918121968616e-06, 4.890758532702115e-08, 2.06115362243856e-09], [0.36787944117144233, 0.015503853599009331, 0.0006533919798673809, 2.753644934974717e-05, 1.1604918121968616e-06, 4.890758532702115e-08, 2.06115362243856e-09], [0.36787944117144233, 0.015503853599009331, 0.0006533919798673809, 2.753644934974717e-05, 1.1604918121968616e-06, 4.890758532702115e-08, 2.06115362243856e-09], [0.36787944117144233, 0.015503853599009331, 0.0006533919798673809, 2.753644934974717e-05, 1.1604918121968616e-06, 4.890758532702115e-08, 2.06115362243856e-09], [0.36787944117144233, 0.015503853599009331, 0.0006533919798673809, 2.753644934974717e-05, 1.1604918121968616e-06, 4.890758532702115e-08, 2.06115362243856e-09], [0.36787944117144233, 0.015503853599009331, 0.0006533919798673809, 2.753644934974717e-05, 1.1604918121968616e-06, 4.890758532702115e-08, 2.06115362243856e-09], [0.36787944117144233, 0.015503853599009331, 0.0006533919798673809, 2.753644934974717e-05, 1.1604918121968616e-06, 4.890758532702115e-08, 2.06115362243856e-09], [0.36787944117144233, 0.015503853599009331, 0.0006533919798673809, 2.753644934974717e-05, 1.1604918121968616e-06, 4.890758532702115e-08, 2.06115362243856e-09], [0.36787944117144233, 0.015503853599009331, 0.0006533919798673809, 2.753644934974717e-05, 1.1604918121968616e-06, 4.890758532702115e-08, 2.06115362243856e-09], [0.36787944117144233, 0.015503853599009331, 0.0006533919798673809, 2.753644934974717e-05, 1.1604918121968616e-06, 4.890758532702115e-08, 2.06115362243856e-09], [0.36787944117144233, 0.015503853599009331, 0.0006533919798673809, 2.753644934974717e-05, 1.1604918121968616e-06, 4.890758532702115e-08, 2.06115362243856e-09]], "badness_naive": [{"md": 0.3186007896037503}, {"md": 0.291160641000083}, {"md": 0.2675558954517068}, {"md": 0.2428487220074891}, {"md": 0.23888894264405336}, {"md": 0.23380093465517982}, {"md": 0.220218849490151}, {"md": 0.21205430560365848}, {"md": 0.20017206122302905}, {"md": 0.190644911067968}, {"md": 0.23171472325958006}, {"md": 0.22065391087830322}, {"md": 0.2270046868483853}, {"md": 0.21437534060425179}]}