{"badness": [{"rmsd": 0.1783290091521855, "md": 0.39971455296994846}, {"rmsd": 0.12347006300538502, "md": 0.3237971087064555}, {"rmsd": 0.140328166379425, "md": 0.37105249408499763}], "evaluation": [[11.7, 15.0], [10.8, 15.0], [11.3, 15.0]]}