{"label_correctness_kmeans_3": [[0, 120], [21, 120], [10, 120], [20, 120], [41, 120], [35, 120], [61, 120], [19, 120], [20, 120], [30, 120], [45, 120], [34, 120], [37, 120]], "name": ["prob-0.01", "prob-0.02", "prob-0.03", "prob-0.04", "prob-0.05", "prob-0.06", "prob-0.07", "prob-0.08", "prob-0.09", "prob-0.1", "some-1-prob-0.1", "some-2-prob-0.1", "some-3-prob-0.1"], "goodness_cluster_mocking_nested_split_ward": [[0.0, 0.0], [0.041666666666666664, 0.24166666666666667], [0.06666666666666667, 0.25833333333333336], [0.10833333333333334, 0.375], [0.175, 0.6166666666666667], [0.26666666666666666, 0.575], [0.3333333333333333, 0.8333333333333334], [0.13333333333333333, 0.35], [0.24166666666666667, 0.6083333333333333], [0.2, 0.475], [0.525, 1.0], [0.275, 0.65], [0.3, 0.775]], "goodness_cluster_mocking_nested_split_average": [[0.0, 0.0], [0.05, 0.24166666666666667], [0.175, 0.25833333333333336], [0.16666666666666666, 0.375], [0.35833333333333334, 0.6166666666666667], [0.325, 0.575], [0.475, 0.8333333333333334], [0.10833333333333334, 0.35833333333333334], [0.38333333333333336, 0.6416666666666667], [0.175, 0.425], [0.6166666666666667, 1.0], [0.3416666666666667, 0.6583333333333333], [0.49166666666666664, 0.775]], "evaluation_kmeans_3": [[0, 30], [3, 30], [1, 30], [3, 30], [12, 30], [6, 30], [11, 30], [5, 30], [1, 30], [4, 30], [5, 30], [5, 30], [7, 30]], "goodness_cluster_mocking_nested_split_single": [[0.0, 0.0], [0.125, 0.24166666666666667], [0.09166666666666666, 0.25833333333333336], [0.23333333333333334, 0.375], [0.35833333333333334, 0.6166666666666667], [0.2916666666666667, 0.5583333333333333], [0.55, 0.8333333333333334], [0.10833333333333334, 0.36666666666666664], [0.325, 0.575], [0.25, 0.4666666666666667], [0.625, 1.0], [0.35833333333333334, 0.6083333333333333], [0.5833333333333334, 0.775]], "goodness_cluster_mocking_nested_split_complete": [[0.0, 0.0], [0.09166666666666666, 0.24166666666666667], [0.175, 0.25833333333333336], [0.15833333333333333, 0.375], [0.2916666666666667, 0.6166666666666667], [0.25833333333333336, 0.575], [0.38333333333333336, 0.8333333333333334], [0.15833333333333333, 0.35], [0.24166666666666667, 0.5833333333333334], [0.16666666666666666, 0.4583333333333333], [0.5083333333333333, 1.0], [0.2833333333333333, 0.65], [0.39166666666666666, 0.775]]}