{"evaluation_kmeans_3": [[1507, 1641], [1527, 1641], [1570, 1641], [1535, 1641], [1560, 1641], [1565, 1641], [1565, 1641], [1565, 1641], [1561, 1641], [1546, 1641], [1508, 1641], [1487, 1641], [1454, 1641], [1579, 1641]], "name": ["prob-0.01", "prob-0.02", "prob-0.03", "prob-0.04", "prob-0.05", "prob-0.06", "prob-0.07", "prob-0.08", "prob-0.09", "prob-0.1", "some-2-prob-0.1", "some-3-prob-0.1", "some-4-prob-0.1", "some-5-prob-0.1"], "badness_majority_voronoid": [[0.9931266495844255, 0.9759526585359077, 0.9602520825468762, 0.9446267320456412, 0.9290638367471349, 0.9135765855698313, 0.8981805799802728], [0.9862567652824485, 0.9520507369853164, 0.9211375244729841, 0.8908847304145864, 0.8612363582049132, 0.8316378331052371, 0.8025899697776491], [0.9793842317238303, 0.9280404941098322, 0.8815729685497186, 0.8360591514960645, 0.7916945473303807, 0.7487072500227074, 0.7070519309818316], [0.9723365127473086, 0.9036347357337053, 0.8419834329898284, 0.7823577764971603, 0.7251566922694329, 0.6707293343905703, 0.6192998141002284], [0.9654688597882277, 0.8798282152767917, 0.8032987192085765, 0.7297753145568766, 0.6598928532310502, 0.594199567829754, 0.5330622600966575], [0.958629838253039, 0.8568984787722496, 0.7667420298508976, 0.6814830726484586, 0.6020804797510251, 0.5286232674314606, 0.4619688884655636], [0.9515914976448295, 0.8330102817604418, 0.7298090344002096, 0.6336470218432769, 0.5460584718149901, 0.467807058401443, 0.39902802364198864], [0.9447576323435722, 0.8106543087025602, 0.6948261475452946, 0.5888034319099766, 0.49457505302210314, 0.4128347611435115, 0.3433281603645886], [0.9379140802360739, 0.7875836432042408, 0.6613730289054389, 0.5485492367144108, 0.4499539965164585, 0.36669139263882333, 0.2978922235507656], [0.9308560390985126, 0.7631163058576278, 0.6228439202808292, 0.5007723182001089, 0.39832647241763586, 0.3147574163881095, 0.247960049455904], [0.9547016795983598, 0.8451729732206263, 0.7532478428993374, 0.6704603919922982, 0.5956468674627178, 0.5276849753053969, 0.465851087939387], [0.9636701485589845, 0.879419181367779, 0.8135270100533094, 0.7559186933862088, 0.7033892541330358, 0.6542042878605592, 0.607632220221682], [0.9528732824876298, 0.8717839098858431, 0.819902401027254, 0.7757597518776601, 0.734023565414472, 0.6946914054359918, 0.6582979904325762], [0.9475026842573443, 0.870692526579188, 0.8264768110416976, 0.790113214317965, 0.7575155280043337, 0.7229261542872258, 0.6895441958726183]], "voronoid_sigmoid": [[0.36787944117144233, 0.015503853599009331, 0.0006533919798673809, 2.753644934974717e-05, 1.1604918121968616e-06, 4.890758532702115e-08, 2.06115362243856e-09], [0.36787944117144233, 0.015503853599009331, 0.0006533919798673809, 2.753644934974717e-05, 1.1604918121968616e-06, 4.890758532702115e-08, 2.06115362243856e-09], [0.36787944117144233, 0.015503853599009331, 0.0006533919798673809, 2.753644934974717e-05, 1.1604918121968616e-06, 4.890758532702115e-08, 2.06115362243856e-09], [0.36787944117144233, 0.015503853599009331, 0.0006533919798673809, 2.753644934974717e-05, 1.1604918121968616e-06, 4.890758532702115e-08, 2.06115362243856e-09], [0.36787944117144233, 0.015503853599009331, 0.0006533919798673809, 2.753644934974717e-05, 1.1604918121968616e-06, 4.890758532702115e-08, 2.06115362243856e-09], [0.36787944117144233, 0.015503853599009331, 0.0006533919798673809, 2.753644934974717e-05, 1.1604918121968616e-06, 4.890758532702115e-08, 2.06115362243856e-09], [0.36787944117144233, 0.015503853599009331, 0.0006533919798673809, 2.753644934974717e-05, 1.1604918121968616e-06, 4.890758532702115e-08, 2.06115362243856e-09], [0.36787944117144233, 0.015503853599009331, 0.0006533919798673809, 2.753644934974717e-05, 1.1604918121968616e-06, 4.890758532702115e-08, 2.06115362243856e-09], [0.36787944117144233, 0.015503853599009331, 0.0006533919798673809, 2.753644934974717e-05, 1.1604918121968616e-06, 4.890758532702115e-08, 2.06115362243856e-09], [0.36787944117144233, 0.015503853599009331, 0.0006533919798673809, 2.753644934974717e-05, 1.1604918121968616e-06, 4.890758532702115e-08, 2.06115362243856e-09], [0.36787944117144233, 0.015503853599009331, 0.0006533919798673809, 2.753644934974717e-05, 1.1604918121968616e-06, 4.890758532702115e-08, 2.06115362243856e-09], [0.36787944117144233, 0.015503853599009331, 0.0006533919798673809, 2.753644934974717e-05, 1.1604918121968616e-06, 4.890758532702115e-08, 2.06115362243856e-09], [0.36787944117144233, 0.015503853599009331, 0.0006533919798673809, 2.753644934974717e-05, 1.1604918121968616e-06, 4.890758532702115e-08, 2.06115362243856e-09], [0.36787944117144233, 0.015503853599009331, 0.0006533919798673809, 2.753644934974717e-05, 1.1604918121968616e-06, 4.890758532702115e-08, 2.06115362243856e-09]], "badness_naive": [{"md": 0.13592403525914812}, {"md": 0.1031167064253928}, {"md": 0.08050344964874734}, {"md": 0.07644867306154468}, {"md": 0.07014315237946744}, {"md": 0.0613916747947924}, {"md": 0.05731455559861954}, {"md": 0.0555115743621775}, {"md": 0.05399007322998104}, {"md": 0.052618432222131716}, {"md": 0.07768423042529457}, {"md": 0.08652498188642327}, {"md": 0.06767057320365208}, {"md": 0.06285212136842572}]}