{"evaluation_kmeans_3": [[1432, 2000], [1589, 2000], [1610, 2000], [1618, 2000], [1640, 2000], [1635, 2000], [1640, 2000], [1640, 2000], [1636, 2000], [1635, 2000], [743, 2000], [1487, 2000], [1424, 2000], [1642, 2000]], "name": ["prob-0.01", "prob-0.02", "prob-0.03", "prob-0.04", "prob-0.05", "prob-0.06", "prob-0.07", "prob-0.08", "prob-0.09", "prob-0.1", "some-3-prob-0.1", "some-4-prob-0.1", "some-5-prob-0.1", "some-6-prob-0.1"], "badness_majority_voronoid": [[0.9931332247321921, 0.9763382062519637, 0.9613355295551094, 0.9463809348762167, 0.9317020299769724, 0.9173425725574729, 0.9033362170982064], [0.9865594395607575, 0.9539547179753246, 0.9244795065257317, 0.8952978357995511, 0.8667039107476434, 0.8388164993086624, 0.8117370369331619], [0.9796170479140619, 0.9309119007623969, 0.8885886020253391, 0.8463295529825983, 0.8050402575085673, 0.7652129243557426, 0.7270210963084504], [0.9730996958894684, 0.9095980176809259, 0.8553589205160275, 0.8040909054239554, 0.7553584936331383, 0.7094630804817706, 0.6667842725757842], [0.9669032827307251, 0.887748692962288, 0.8194513201254457, 0.755304141159139, 0.6948405429885611, 0.6393993664950074, 0.5861330515154032], [0.9595286161555696, 0.865757302275816, 0.7873495772416893, 0.7180003919463606, 0.65524132571901, 0.5933880792707116, 0.5354904859452323], [0.9534022119669893, 0.8459082085843052, 0.7571746341180899, 0.6759834969816388, 0.602953050439741, 0.5354718332470272, 0.47573917277686284], [0.946708175781519, 0.8259070455452913, 0.7283436230282351, 0.6378100565985064, 0.5588161803809812, 0.49098389379562146, 0.4320389345143687], [0.940570613072578, 0.8068829252909245, 0.6984971451775724, 0.6031735875498621, 0.5224734006360262, 0.4533990358837563, 0.3958308318077415], [0.9337258532067888, 0.7833376623399734, 0.6617783624645381, 0.5558070023737283, 0.46571613922234556, 0.39212653530123087, 0.33322754296882884], [0.9358818910473113, 0.8005915567680242, 0.7098441736280711, 0.6444755939599794, 0.5802378872243505, 0.5262929368124252, 0.480768137229578], [0.9327781463569566, 0.7755808773814786, 0.651696236717948, 0.5445682603877324, 0.45577241340232344, 0.38328705535950947, 0.3248204268486701], [0.9339878257357435, 0.7914916603652722, 0.6796651046681299, 0.5873921523059258, 0.5129793576571423, 0.4539663904028449, 0.40704728339459606], [0.9345881053226728, 0.7900843123940209, 0.6806703978208135, 0.5843192503808243, 0.5032319704364495, 0.4369924113375584, 0.3831032439146824]], "voronoid_sigmoid": [[0.36787944117144233, 0.015503853599009331, 0.0006533919798673809, 2.753644934974717e-05, 1.1604918121968616e-06, 4.890758532702115e-08, 2.06115362243856e-09], [0.36787944117144233, 0.015503853599009331, 0.0006533919798673809, 2.753644934974717e-05, 1.1604918121968616e-06, 4.890758532702115e-08, 2.06115362243856e-09], [0.36787944117144233, 0.015503853599009331, 0.0006533919798673809, 2.753644934974717e-05, 1.1604918121968616e-06, 4.890758532702115e-08, 2.06115362243856e-09], [0.36787944117144233, 0.015503853599009331, 0.0006533919798673809, 2.753644934974717e-05, 1.1604918121968616e-06, 4.890758532702115e-08, 2.06115362243856e-09], [0.36787944117144233, 0.015503853599009331, 0.0006533919798673809, 2.753644934974717e-05, 1.1604918121968616e-06, 4.890758532702115e-08, 2.06115362243856e-09], [0.36787944117144233, 0.015503853599009331, 0.0006533919798673809, 2.753644934974717e-05, 1.1604918121968616e-06, 4.890758532702115e-08, 2.06115362243856e-09], [0.36787944117144233, 0.015503853599009331, 0.0006533919798673809, 2.753644934974717e-05, 1.1604918121968616e-06, 4.890758532702115e-08, 2.06115362243856e-09], [0.36787944117144233, 0.015503853599009331, 0.0006533919798673809, 2.753644934974717e-05, 1.1604918121968616e-06, 4.890758532702115e-08, 2.06115362243856e-09], [0.36787944117144233, 0.015503853599009331, 0.0006533919798673809, 2.753644934974717e-05, 1.1604918121968616e-06, 4.890758532702115e-08, 2.06115362243856e-09], [0.36787944117144233, 0.015503853599009331, 0.0006533919798673809, 2.753644934974717e-05, 1.1604918121968616e-06, 4.890758532702115e-08, 2.06115362243856e-09], [0.36787944117144233, 0.015503853599009331, 0.0006533919798673809, 2.753644934974717e-05, 1.1604918121968616e-06, 4.890758532702115e-08, 2.06115362243856e-09], [0.36787944117144233, 0.015503853599009331, 0.0006533919798673809, 2.753644934974717e-05, 1.1604918121968616e-06, 4.890758532702115e-08, 2.06115362243856e-09], [0.36787944117144233, 0.015503853599009331, 0.0006533919798673809, 2.753644934974717e-05, 1.1604918121968616e-06, 4.890758532702115e-08, 2.06115362243856e-09], [0.36787944117144233, 0.015503853599009331, 0.0006533919798673809, 2.753644934974717e-05, 1.1604918121968616e-06, 4.890758532702115e-08, 2.06115362243856e-09]], "badness_naive": [{"md": 0.42012701425458554}, {"md": 0.3699550378600787}, {"md": 0.3416206816659978}, {"md": 0.3223409940227555}, {"md": 0.31602871816432027}, {"md": 0.2999421648853184}, {"md": 0.29627282182342746}, {"md": 0.28321754010414046}, {"md": 0.28104993806129147}, {"md": 0.26982591387788124}, {"md": 0.4271097126312008}, {"md": 0.2871939576063563}, {"md": 0.36424930269369626}, {"md": 0.26956383667817363}]}