{"evaluation_kmeans_3": [[665, 1380], [1105, 1380], [1097, 1380], [1093, 1380], [1094, 1380], [1094, 1380], [1094, 1380], [1106, 1380], [1098, 1380], [1098, 1380], [824, 1380], [1106, 1380]], "name": ["prob-0.01", "prob-0.02", "prob-0.03", "prob-0.04", "prob-0.05", "prob-0.06", "prob-0.07", "prob-0.08", "prob-0.09", "prob-0.1", "some-1-prob-0.1", "some-2-prob-0.1"], "badness_majority_voronoid": [[0.9931354024505732, 0.9767254035032353, 0.9617786007144973, 0.9471744492028628, 0.9329712547928678, 0.9192005313318415, 0.9058704556955411], [0.9865704808760831, 0.9551027327026019, 0.928240550733585, 0.9014883616345557, 0.8756404704865445, 0.8507765598819718, 0.8269044574682468], [0.9801046664375096, 0.9334883713291359, 0.893812370178187, 0.856248245924897, 0.8213739932367918, 0.7889671999263254, 0.7589063300649503], [0.9736754150493296, 0.9120856212040601, 0.8596949064638076, 0.8122809826467692, 0.7680418255664014, 0.7241774925391112, 0.6834296740571144], [0.9668388311674101, 0.893602446309604, 0.8304797678025435, 0.7711801475538624, 0.7173135257658481, 0.665050761184093, 0.6160211956967394], [0.9595160538066096, 0.8706012164137251, 0.794458308624653, 0.7237787937991034, 0.6597698576941706, 0.6027974552377173, 0.5526215553736016], [0.9529635636613157, 0.8491543079028003, 0.7620436010267354, 0.6827272261231143, 0.6070989202057369, 0.5396246325798787, 0.48032030531895953], [0.9474379921343492, 0.8292985221037086, 0.7329469721965756, 0.6483208070846755, 0.5737424714879444, 0.5106113839146826, 0.4577873236708726], [0.9411133064906809, 0.8124065069287436, 0.707703017927575, 0.618859453456863, 0.5452250994529413, 0.4849544009132948, 0.43206173265496517], [0.9348618404100756, 0.7923591601366353, 0.6797014289983193, 0.5821715870426691, 0.5016608571001706, 0.43635050114197615, 0.38398097689563804], [0.930817493835776, 0.7621195780143815, 0.619052453600204, 0.49240632409229, 0.38447531027051207, 0.29556405813558306, 0.2243584109761051], [0.9355319406440203, 0.7935445116330917, 0.676749549799829, 0.5785063716371563, 0.49420656567879506, 0.42478476478314053, 0.36901407001028363]], "voronoid_sigmoid": [[0.36787944117144233, 0.015503853599009331, 0.0006533919798673809, 2.753644934974717e-05, 1.1604918121968616e-06, 4.890758532702115e-08, 2.06115362243856e-09], [0.36787944117144233, 0.015503853599009331, 0.0006533919798673809, 2.753644934974717e-05, 1.1604918121968616e-06, 4.890758532702115e-08, 2.06115362243856e-09], [0.36787944117144233, 0.015503853599009331, 0.0006533919798673809, 2.753644934974717e-05, 1.1604918121968616e-06, 4.890758532702115e-08, 2.06115362243856e-09], [0.36787944117144233, 0.015503853599009331, 0.0006533919798673809, 2.753644934974717e-05, 1.1604918121968616e-06, 4.890758532702115e-08, 2.06115362243856e-09], [0.36787944117144233, 0.015503853599009331, 0.0006533919798673809, 2.753644934974717e-05, 1.1604918121968616e-06, 4.890758532702115e-08, 2.06115362243856e-09], [0.36787944117144233, 0.015503853599009331, 0.0006533919798673809, 2.753644934974717e-05, 1.1604918121968616e-06, 4.890758532702115e-08, 2.06115362243856e-09], [0.36787944117144233, 0.015503853599009331, 0.0006533919798673809, 2.753644934974717e-05, 1.1604918121968616e-06, 4.890758532702115e-08, 2.06115362243856e-09], [0.36787944117144233, 0.015503853599009331, 0.0006533919798673809, 2.753644934974717e-05, 1.1604918121968616e-06, 4.890758532702115e-08, 2.06115362243856e-09], [0.36787944117144233, 0.015503853599009331, 0.0006533919798673809, 2.753644934974717e-05, 1.1604918121968616e-06, 4.890758532702115e-08, 2.06115362243856e-09], [0.36787944117144233, 0.015503853599009331, 0.0006533919798673809, 2.753644934974717e-05, 1.1604918121968616e-06, 4.890758532702115e-08, 2.06115362243856e-09], [0.36787944117144233, 0.015503853599009331, 0.0006533919798673809, 2.753644934974717e-05, 1.1604918121968616e-06, 4.890758532702115e-08, 2.06115362243856e-09], [0.36787944117144233, 0.015503853599009331, 0.0006533919798673809, 2.753644934974717e-05, 1.1604918121968616e-06, 4.890758532702115e-08, 2.06115362243856e-09]], "badness_naive": [{"md": 0.2933471322862543}, {"md": 0.25215441592826204}, {"md": 0.25484857884318357}, {"md": 0.23318570464293104}, {"md": 0.22734651744994785}, {"md": 0.21236102886328934}, {"md": 0.20076919188945938}, {"md": 0.19276211911450664}, {"md": 0.19523377288782495}, {"md": 0.18600123946501246}, {"md": 0.20601406937734487}, {"md": 0.17929475464978958}]}