{"evaluation_kmeans_3": [[485, 1469], [586, 1469], [666, 1469], [653, 1469], [641, 1469], [672, 1469], [671, 1469], [676, 1469], [695, 1469], [738, 1469], [252, 1469], [506, 1469], [510, 1469], [323, 1469], [536, 1469]], "name": ["prob-0.01", "prob-0.02", "prob-0.03", "prob-0.04", "prob-0.05", "prob-0.06", "prob-0.07", "prob-0.08", "prob-0.09", "prob-0.1", "some-3-prob-0.1", "some-4-prob-0.1", "some-5-prob-0.1", "some-6-prob-0.1", "some-7-prob-0.1"], "badness_majority_voronoid": [[0.9931611969542897, 0.9770367593321052, 0.9629830649411106, 0.9499385371215754, 0.9361927717769972, 0.9227270147475454, 0.909575328241287], [0.9865415158213052, 0.9571196840080247, 0.9312076817674833, 0.9068909415577893, 0.8839463337883501, 0.8629500058564162, 0.8439198770470004], [0.979972211677867, 0.932489608032141, 0.8921765449103137, 0.8555648427753386, 0.8206121947787508, 0.7886927532913525, 0.7589578131939723], [0.9733824405825862, 0.9139776464457027, 0.8670442281776913, 0.8262686613727632, 0.7905876066687121, 0.7590426263697256, 0.7321676636287534], [0.9671272976524904, 0.8975485339936284, 0.8421287595393138, 0.7926136036618845, 0.7500162379099913, 0.7142317651059313, 0.6824312753073745], [0.9603586737420478, 0.8768646576157729, 0.8116083378512209, 0.7540987718345693, 0.6998423090326045, 0.6524667538921132, 0.6113838293676064], [0.9536819482849654, 0.8594416744532385, 0.7911423979775525, 0.7299230420319844, 0.6791223121153944, 0.6374786399869657, 0.6033210712141635], [0.9484896716828543, 0.8437257328660688, 0.7648009497819459, 0.6979537991820333, 0.643102373956562, 0.5968226952985553, 0.5580685635950342], [0.9424855470812241, 0.8329361163240628, 0.748936083034724, 0.676181751158479, 0.6163850607944859, 0.5658102758220783, 0.5243585501957847], [0.9345838960775167, 0.8076013889530732, 0.7198753074992824, 0.6523949978605339, 0.5994341954650438, 0.5539396762588902, 0.518166457018322], [0.9549869674905984, 0.8689083938973114, 0.8025274896161189, 0.7488456269159972, 0.7032787850682103, 0.6611452448130685, 0.6231845539239107], [0.9375158229018361, 0.8192695549364022, 0.7368556599408997, 0.6727250809466315, 0.6212078694039929, 0.5815079585643005, 0.5500453741395668], [0.9584040639627713, 0.8749467443339015, 0.8123046197106163, 0.7606419535017745, 0.7144613198402379, 0.6755964770661553, 0.6428783363208044], [0.9544067051743053, 0.8681294862990792, 0.8063922263799177, 0.7545215941468326, 0.7115588009413132, 0.6745579573709509, 0.6441041454849428], [0.9507701561995607, 0.8522666208495648, 0.7845211634499307, 0.7257631056568318, 0.6787798112930516, 0.641249512475152, 0.605108553083024]], "voronoid_sigmoid": [[0.36787944117144233, 0.015503853599009331, 0.0006533919798673809, 2.753644934974717e-05, 1.1604918121968616e-06, 4.890758532702115e-08, 2.06115362243856e-09], [0.36787944117144233, 0.015503853599009331, 0.0006533919798673809, 2.753644934974717e-05, 1.1604918121968616e-06, 4.890758532702115e-08, 2.06115362243856e-09], [0.36787944117144233, 0.015503853599009331, 0.0006533919798673809, 2.753644934974717e-05, 1.1604918121968616e-06, 4.890758532702115e-08, 2.06115362243856e-09], [0.36787944117144233, 0.015503853599009331, 0.0006533919798673809, 2.753644934974717e-05, 1.1604918121968616e-06, 4.890758532702115e-08, 2.06115362243856e-09], [0.36787944117144233, 0.015503853599009331, 0.0006533919798673809, 2.753644934974717e-05, 1.1604918121968616e-06, 4.890758532702115e-08, 2.06115362243856e-09], [0.36787944117144233, 0.015503853599009331, 0.0006533919798673809, 2.753644934974717e-05, 1.1604918121968616e-06, 4.890758532702115e-08, 2.06115362243856e-09], [0.36787944117144233, 0.015503853599009331, 0.0006533919798673809, 2.753644934974717e-05, 1.1604918121968616e-06, 4.890758532702115e-08, 2.06115362243856e-09], [0.36787944117144233, 0.015503853599009331, 0.0006533919798673809, 2.753644934974717e-05, 1.1604918121968616e-06, 4.890758532702115e-08, 2.06115362243856e-09], [0.36787944117144233, 0.015503853599009331, 0.0006533919798673809, 2.753644934974717e-05, 1.1604918121968616e-06, 4.890758532702115e-08, 2.06115362243856e-09], [0.36787944117144233, 0.015503853599009331, 0.0006533919798673809, 2.753644934974717e-05, 1.1604918121968616e-06, 4.890758532702115e-08, 2.06115362243856e-09], [0.36787944117144233, 0.015503853599009331, 0.0006533919798673809, 2.753644934974717e-05, 1.1604918121968616e-06, 4.890758532702115e-08, 2.06115362243856e-09], [0.36787944117144233, 0.015503853599009331, 0.0006533919798673809, 2.753644934974717e-05, 1.1604918121968616e-06, 4.890758532702115e-08, 2.06115362243856e-09], [0.36787944117144233, 0.015503853599009331, 0.0006533919798673809, 2.753644934974717e-05, 1.1604918121968616e-06, 4.890758532702115e-08, 2.06115362243856e-09], [0.36787944117144233, 0.015503853599009331, 0.0006533919798673809, 2.753644934974717e-05, 1.1604918121968616e-06, 4.890758532702115e-08, 2.06115362243856e-09], [0.36787944117144233, 0.015503853599009331, 0.0006533919798673809, 2.753644934974717e-05, 1.1604918121968616e-06, 4.890758532702115e-08, 2.06115362243856e-09]], "badness_naive": [{"md": 0.21883121507727965}, {"md": 0.19959685714487652}, {"md": 0.17979396356685234}, {"md": 0.17345555189813808}, {"md": 0.16509469514933783}, {"md": 0.1553812115134618}, {"md": 0.1503413307507392}, {"md": 0.14585713596103297}, {"md": 0.1405927802550933}, {"md": 0.13491196234419134}, {"md": 0.16696427508761164}, {"md": 0.13883822721787198}, {"md": 0.1576610268418592}, {"md": 0.15496654573087862}, {"md": 0.15161299213272403}]}