{"evaluation_kmeans_3": [[3, 30], [5, 30], [8, 30], [13, 30], [18, 30], [22, 30], [16, 30], [16, 30], [15, 30], [26, 30], [10, 30], [18, 30], [24, 30]], "name": ["prob-0.01", "prob-0.02", "prob-0.03", "prob-0.04", "prob-0.05", "prob-0.06", "prob-0.07", "prob-0.08", "prob-0.09", "prob-0.1", "some-1-prob-0.1", "some-2-prob-0.1", "some-3-prob-0.1"], "badness_majority_voronoid": [[0.994223837735343, 0.9797859611105963, 0.966571446203436, 0.9533957293013053, 0.9402387421038714, 0.9271025379309281, 0.9139915806814549], [0.9884482696266385, 0.9595973619490933, 0.9332577333435492, 0.9071017864934546, 0.8811294371592835, 0.8553830308046736, 0.82990748825494], [0.9826734965058453, 0.939442713463253, 0.9000965373389492, 0.8612170258543517, 0.8228716668541829, 0.7851842674069088, 0.7482738233897451], [0.9768998136583581, 0.9193345341323407, 0.8671433234432017, 0.8158872288914866, 0.7657606634597771, 0.7170159314638755, 0.6698792373444895], [0.9653807289335482, 0.8802987604028255, 0.8063234394329003, 0.7380869340563918, 0.6763826784913374, 0.6213810246052294, 0.5727129442562728], [0.9595933598391259, 0.8596255402304083, 0.7709854597017034, 0.6869066580507226, 0.6083985348020329, 0.5362122330089054, 0.47071969731560925], [0.9543322922367047, 0.8570972593492597, 0.7965307198894758, 0.7421394282907579, 0.6990443968935869, 0.664337541130217, 0.6246545216043498], [0.9480726220831047, 0.8205152986954054, 0.709803743238653, 0.6080558936078164, 0.5166970017177919, 0.4362810160902544, 0.3665795672445369], [0.9423255562633055, 0.8015074270415824, 0.6815088347689826, 0.5742230715254246, 0.48116883498326624, 0.4023684262651085, 0.33672590064249375], [0.9308228427586318, 0.7630988319911404, 0.6229962575016108, 0.5010680102539278, 0.398467790077642, 0.3142739576075393, 0.24639099243025986], [0.9307960772384729, 0.7620485226597606, 0.6189459525289231, 0.4922773505641591, 0.3843368737955104, 0.29542702579960967, 0.22423047423534515], [0.9308408158793638, 0.7638048149357157, 0.6257247213507091, 0.5070122838914998, 0.4080761801097065, 0.32718081009262845, 0.2616952819170453], [0.9308696472322014, 0.7649563634039921, 0.6303270250403902, 0.5175832686248165, 0.4264481640334725, 0.3542035098228946, 0.29196012350364053]], "voronoid_sigmoid": [[0.36787944117144233, 0.015503853599009331, 0.0006533919798673809, 2.753644934974717e-05, 1.1604918121968616e-06, 4.890758532702115e-08, 2.06115362243856e-09], [0.36787944117144233, 0.015503853599009331, 0.0006533919798673809, 2.753644934974717e-05, 1.1604918121968616e-06, 4.890758532702115e-08, 2.06115362243856e-09], [0.36787944117144233, 0.015503853599009331, 0.0006533919798673809, 2.753644934974717e-05, 1.1604918121968616e-06, 4.890758532702115e-08, 2.06115362243856e-09], [0.36787944117144233, 0.015503853599009331, 0.0006533919798673809, 2.753644934974717e-05, 1.1604918121968616e-06, 4.890758532702115e-08, 2.06115362243856e-09], [0.36787944117144233, 0.015503853599009331, 0.0006533919798673809, 2.753644934974717e-05, 1.1604918121968616e-06, 4.890758532702115e-08, 2.06115362243856e-09], [0.36787944117144233, 0.015503853599009331, 0.0006533919798673809, 2.753644934974717e-05, 1.1604918121968616e-06, 4.890758532702115e-08, 2.06115362243856e-09], [0.36787944117144233, 0.015503853599009331, 0.0006533919798673809, 2.753644934974717e-05, 1.1604918121968616e-06, 4.890758532702115e-08, 2.06115362243856e-09], [0.36787944117144233, 0.015503853599009331, 0.0006533919798673809, 2.753644934974717e-05, 1.1604918121968616e-06, 4.890758532702115e-08, 2.06115362243856e-09], [0.36787944117144233, 0.015503853599009331, 0.0006533919798673809, 2.753644934974717e-05, 1.1604918121968616e-06, 4.890758532702115e-08, 2.06115362243856e-09], [0.36787944117144233, 0.015503853599009331, 0.0006533919798673809, 2.753644934974717e-05, 1.1604918121968616e-06, 4.890758532702115e-08, 2.06115362243856e-09], [0.36787944117144233, 0.015503853599009331, 0.0006533919798673809, 2.753644934974717e-05, 1.1604918121968616e-06, 4.890758532702115e-08, 2.06115362243856e-09], [0.36787944117144233, 0.015503853599009331, 0.0006533919798673809, 2.753644934974717e-05, 1.1604918121968616e-06, 4.890758532702115e-08, 2.06115362243856e-09], [0.36787944117144233, 0.015503853599009331, 0.0006533919798673809, 2.753644934974717e-05, 1.1604918121968616e-06, 4.890758532702115e-08, 2.06115362243856e-09]], "badness_naive": [{"md": 0.7129091695275688}, {"md": 0.29979410514719856}, {"md": 0.21617260037706246}, {"md": 0.24928045281015618}, {"md": 0.23416238746201407}, {"md": 0.1675039524932213}, {"md": 0.21210107657416077}, {"md": 0.1549241589707603}, {"md": 0.19289755571383513}, {"md": 0.13069860282837212}, {"md": 0.3464429245057598}, {"md": 0.18215585487157832}, {"md": 0.15260212167444917}]}