{"goodness_cluster_mocking_nested_split_average": [[0.5242857142857142, 0.8047619047619048], [0.5957142857142858, 0.8261904761904761], [0.5919047619047619, 0.9742857142857143], [0.7104761904761905, 0.93], [0.5914285714285714, 0.871904761904762], [0.710952380952381, 0.909047619047619], [0.6176190476190476, 0.8580952380952381], [0.6114285714285714, 0.9385714285714286], [0.6904761904761905, 0.8704761904761905], [0.7309523809523809, 0.8809523809523809], [0.5047619047619047, 0.6195238095238095], [0.6761904761904762, 0.8142857142857143], [0.6947619047619048, 0.929047619047619], [0.6838095238095238, 0.8790476190476191], [0.6466666666666666, 0.8690476190476191]], "goodness_cluster_mocking_nested_split_single": [[0.6090476190476191, 0.8052380952380952], [0.6723809523809524, 0.780952380952381], [0.7461904761904762, 0.9728571428571429], [0.7842857142857143, 0.9257142857142857], [0.6466666666666666, 0.8576190476190476], [0.7609523809523809, 0.9133333333333333], [0.659047619047619, 0.8709523809523809], [0.660952380952381, 0.9538095238095238], [0.6833333333333333, 0.8495238095238096], [0.7004761904761905, 0.9085714285714286], [0.5109523809523809, 0.6180952380952381], [0.6438095238095238, 0.8142857142857143], [0.7342857142857143, 0.9047619047619048], [0.7566666666666667, 0.8823809523809524], [0.6880952380952381, 0.8919047619047619]], "evaluation_kmeans_3": [[142, 210], [156, 210], [184, 210], [177, 210], [165, 210], [174, 210], [162, 210], [166, 210], [175, 210], [164, 210], [83, 210], [120, 210], [142, 210], [157, 210], [174, 210]], "label_correctness_kmeans_3": [[1433, 2100], [1494, 2100], [1816, 2100], [1766, 2100], [1604, 2100], [1717, 2100], [1634, 2100], [1657, 2100], [1732, 2100], [1649, 2100], [832, 2100], [1195, 2100], [1410, 2100], [1574, 2100], [1732, 2100]], "name": ["prob-0.01", "prob-0.02", "prob-0.03", "prob-0.04", "prob-0.05", "prob-0.06", "prob-0.07", "prob-0.08", "prob-0.09", "prob-0.1", "some-3-prob-0.1", "some-4-prob-0.1", "some-5-prob-0.1", "some-6-prob-0.1", "some-7-prob-0.1"], "goodness_cluster_mocking_nested_split_complete": [[0.2714285714285714, 0.8047619047619048], [0.3880952380952381, 0.8166666666666667], [0.4957142857142857, 0.9804761904761905], [0.58, 0.9419047619047619], [0.5328571428571428, 0.8919047619047619], [0.6204761904761905, 0.9314285714285714], [0.49476190476190474, 0.8933333333333333], [0.5742857142857143, 0.9314285714285714], [0.66, 0.8676190476190476], [0.7038095238095238, 0.8790476190476191], [0.47714285714285715, 0.6390476190476191], [0.5695238095238095, 0.8142857142857143], [0.6928571428571428, 0.9304761904761905], [0.7028571428571428, 0.8866666666666667], [0.6795238095238095, 0.8766666666666667]], "goodness_cluster_mocking_nested_split_ward": [[0.25857142857142856, 0.8038095238095239], [0.379047619047619, 0.8523809523809524], [0.5023809523809524, 0.9628571428571429], [0.6123809523809524, 0.92], [0.6214285714285714, 0.8657142857142858], [0.6547619047619048, 0.9214285714285714], [0.6628571428571428, 0.9], [0.67, 0.9195238095238095], [0.7238095238095238, 0.849047619047619], [0.7409523809523809, 0.8571428571428571], [0.4795238095238095, 0.6223809523809524], [0.6276190476190476, 0.8142857142857143], [0.7423809523809524, 0.9157142857142857], [0.7261904761904762, 0.8833333333333333], [0.72, 0.8723809523809524]]}