{"goodness_cluster_mocking": [0.5231910946196661, 0.6808905380333952, 0.8088170333068292, 0.9196277645257238, 0.8467817141286529, 0.8925960283103139, 0.8617840209676944, 0.8114065828351543, 0.8930355358926788, 0.8684943243384801, 0.45810874413338126, 0.6546151014518361, 0.7147858943777311, 0.8812284877219942, 0.891846032452275], "name": ["prob-0.01", "prob-0.02", "prob-0.03", "prob-0.04", "prob-0.05", "prob-0.06", "prob-0.07", "prob-0.08", "prob-0.09", "prob-0.1", "some-3-prob-0.1", "some-4-prob-0.1", "some-5-prob-0.1", "some-6-prob-0.1", "some-7-prob-0.1"], "evaluation_kmeans_3": [[312, 693], [373, 693], [505, 693], [556, 693], [537, 693], [542, 693], [530, 693], [556, 693], [565, 693], [572, 693], [244, 693], [329, 693], [416, 693], [516, 693], [586, 693]], "label_correctness_kmeans_3": [[721, 1617], [871, 1617], [1193, 1617], [1333, 1617], [1258, 1617], [1325, 1617], [1278, 1617], [1312, 1617], [1338, 1617], [1370, 1617], [639, 1617], [757, 1617], [1015, 1617], [1224, 1617], [1393, 1617]], "goodness_cluster_mocking_nested_ratio_complete": [[0.19542362399505256, 0.5231910946196661], [0.3685837971552257, 0.75139146567718], [0.32220160791589364, 0.8206555349412492], [0.48144712430426717, 0.9712430426716141], [0.5394248608534323, 0.8981137909709338], [0.5483552728450688, 0.9194127867597255], [0.6065244279529994, 0.8940940012368583], [0.608286951144094, 0.830921459492888], [0.6896516182230467, 0.9302205730777159], [0.7115027829313544, 0.9025974025974026], [0.3951998287984882, 0.4694113315814195], [0.43468745231268424, 0.6956645704326595], [0.6006321720607434, 0.7595684738541881], [0.6840651412079983, 0.8955679241393526], [0.6764069264069265, 0.9151205936920223]], "goodness_cluster_mocking_nested_split_ward": [[0.17810760667903525, 0.5231910946196661], [0.37105751391465674, 0.7482993197278912], [0.39208410636982066, 0.8286951144094001], [0.5238095238095238, 0.9598021026592455], [0.5757575757575758, 0.8886827458256029], [0.6128633271490415, 0.8899196042053185], [0.6901669758812616, 0.8954854669140383], [0.6549165120593692, 0.8231292517006803], [0.6926406926406926, 0.9468150896722325], [0.6963512677798392, 0.8899196042053185], [0.4230055658627087, 0.4811379097093383], [0.4137291280148423, 0.6808905380333952], [0.5899814471243042, 0.7316017316017316], [0.6753246753246753, 0.8899196042053185], [0.7334570191713049, 0.9016697588126159]]}