{"goodness_cluster_mocking_nested_ratio_average": [[0.03333333333333333, 0.10833333333333334], [0.2, 0.4], [0.24166666666666667, 0.475], [0.175, 0.6], [0.25, 0.55], [0.3333333333333333, 0.6416666666666667], [0.25833333333333336, 0.45], [0.4083333333333333, 0.6583333333333333], [0.31666666666666665, 0.75], [0.3958333333333333, 0.9208333333333333], [0.23333333333333334, 0.325], [0.38333333333333336, 0.6333333333333333], [0.4166666666666667, 0.875]], "evaluation_kmeans_3": [[3, 30], [9, 30], [13, 30], [13, 30], [14, 30], [18, 30], [11, 30], [19, 30], [19, 30], [28, 30], [10, 30], [20, 30], [19, 30]], "goodness_cluster_mocking_nested_ratio_complete": [[0.03333333333333333, 0.10833333333333334], [0.058333333333333334, 0.4], [0.125, 0.475], [0.125, 0.6], [0.21666666666666667, 0.55], [0.3, 0.6416666666666667], [0.225, 0.43333333333333335], [0.31666666666666665, 0.6583333333333333], [0.25833333333333336, 0.75], [0.375, 0.925], [0.24166666666666667, 0.325], [0.4, 0.6333333333333333], [0.25, 0.875]], "goodness_cluster_mocking_nested_ratio_single": [[0.09166666666666666, 0.10833333333333334], [0.23333333333333334, 0.4], [0.39166666666666666, 0.475], [0.38333333333333336, 0.6], [0.2916666666666667, 0.55], [0.4083333333333333, 0.6416666666666667], [0.23333333333333334, 0.43333333333333335], [0.48333333333333334, 0.6583333333333333], [0.4166666666666667, 0.75], [0.575, 0.9666666666666667], [0.2916666666666667, 0.325], [0.43333333333333335, 0.6333333333333333], [0.4583333333333333, 0.875]], "goodness_cluster_mocking_nested_ratio_ward": [[0.03333333333333333, 0.10833333333333334], [0.1, 0.4], [0.15833333333333333, 0.475], [0.14166666666666666, 0.6], [0.21666666666666667, 0.55], [0.24166666666666667, 0.6416666666666667], [0.125, 0.43333333333333335], [0.2833333333333333, 0.6583333333333333], [0.2916666666666667, 0.75], [0.39166666666666666, 0.9333333333333333], [0.2833333333333333, 0.325], [0.425, 0.6333333333333333], [0.3, 0.875]], "label_correctness_kmeans_3": [[13, 120], [47, 120], [57, 120], [71, 120], [65, 120], [76, 120], [48, 120], [64, 120], [70, 120], [114, 120], [37, 120], [74, 120], [93, 120]], "name": ["prob-0.01", "prob-0.02", "prob-0.03", "prob-0.04", "prob-0.05", "prob-0.06", "prob-0.07", "prob-0.08", "prob-0.09", "prob-0.1", "some-1-prob-0.1", "some-2-prob-0.1", "some-3-prob-0.1"]}