{"goodness_cluster_mocking_nested_split_average": [[0.3028095733610822, 0.7232049947970863], [0.46097814776274715, 0.7866805411030177], [0.6201873048907388, 1.0], [0.6222684703433923, 0.8168574401664932], [0.6805411030176899, 0.9063475546305931], [0.6826222684703434, 0.9011446409989594], [0.6867845993756504, 0.8491155046826223], [0.6670135275754423, 0.8657648283038502], [0.7606659729448492, 0.8366285119667014], [0.7804370447450573, 0.899063475546306], [0.43600416233090533, 0.7710718002081165], [0.7887617065556711, 0.8616024973985432]], "goodness_cluster_mocking_nested_split_single": [[0.37356919875130074, 0.6742976066597295], [0.6690946930280958, 0.7845993756503642], [0.7325702393340271, 1.0], [0.6909469302809573, 0.826222684703434], [0.7263267429760666, 0.8844953173777316], [0.6732570239334027, 0.9094693028095734], [0.7138397502601457, 0.8740894901144641], [0.5858480749219563, 0.8085327783558793], [0.6888657648283039, 0.8199791883454735], [0.7523413111342352, 0.9053069719042663], [0.4172736732570239, 0.7710718002081165], [0.785639958376691, 0.8668054110301769]], "evaluation_kmeans_3": [[238, 411], [290, 411], [342, 411], [305, 411], [335, 411], [335, 411], [335, 411], [324, 411], [325, 411], [337, 411], [187, 411], [337, 411]], "label_correctness_kmeans_3": [[572, 961], [662, 961], [782, 961], [698, 961], [770, 961], [791, 961], [791, 961], [760, 961], [764, 961], [785, 961], [417, 961], [785, 961]], "name": ["prob-0.01", "prob-0.02", "prob-0.03", "prob-0.04", "prob-0.05", "prob-0.06", "prob-0.07", "prob-0.08", "prob-0.09", "prob-0.1", "some-1-prob-0.1", "some-2-prob-0.1"], "goodness_cluster_mocking_nested_split_complete": [[0.2934443288241415, 0.7440166493236212], [0.4068678459937565, 0.7127991675338189], [0.5879292403746098, 1.0], [0.5993756503642039, 0.768990634755463], [0.6836628511966701, 0.8699271592091571], [0.6618106139438086, 0.9084287200832466], [0.7190426638917794, 0.8470343392299687], [0.6909469302809573, 0.9032258064516129], [0.7429760665972945, 0.8002081165452654], [0.8491155046826223, 0.9219562955254943], [0.5400624349635796, 0.7710718002081165], [0.8251821019771072, 0.8803329864724245]], "goodness_cluster_mocking_nested_split_ward": [[0.31217481789802287, 0.7273673257023934], [0.4630593132154006, 0.7242455775234131], [0.5806451612903226, 1.0], [0.6149843912591051, 0.7731529656607701], [0.7440166493236212, 0.9021852237252862], [0.7169614984391259, 0.8709677419354839], [0.7700312174817898, 0.8553590010405827], [0.7148803329864725, 0.8459937565036421], [0.7814776274713839, 0.7970863683662851], [0.826222684703434, 0.8844953173777316], [0.4432882414151925, 0.7710718002081165], [0.7970863683662851, 0.826222684703434]]}