{"goodness_cluster_mocking": [0.7121054457162677, 0.7008473316485804, 1.0, 0.9339229968782519, 0.8191615876319311, 0.8113986969958079, 0.8260202183811169, 0.8599375650364204, 0.8041929362796106, 0.8679878914010027, 0.7793964620187305, 0.8204221030443715], "name": ["prob-0.01", "prob-0.02", "prob-0.03", "prob-0.04", "prob-0.05", "prob-0.06", "prob-0.07", "prob-0.08", "prob-0.09", "prob-0.1", "some-1-prob-0.1", "some-2-prob-0.1"], "evaluation_kmeans_3": [[239, 411], [287, 411], [339, 411], [327, 411], [340, 411], [340, 411], [340, 411], [325, 411], [325, 411], [337, 411], [187, 411], [337, 411]], "label_correctness_kmeans_3": [[573, 961], [653, 961], [774, 961], [764, 961], [786, 961], [786, 961], [786, 961], [760, 961], [773, 961], [784, 961], [417, 961], [784, 961]], "goodness_cluster_mocking_nested_ratio_complete": [[0.2924037460978148, 0.7513007284079084], [0.4082552896288589, 0.7308359347901492], [0.5650364203954215, 1.0], [0.6238293444328824, 0.9266389177939646], [0.6899063475546305, 0.8522372528616025], [0.644120707596254, 0.882414151925078], [0.7551161984044398, 0.835241068331599], [0.6933402705515088, 0.8608740894901145], [0.7731529656607701, 0.7929240374609782], [0.7872008324661811, 0.8777315296566077], [0.441207075962539, 0.7793964620187305], [0.8064516129032258, 0.8563995837669095]], "goodness_cluster_mocking_nested_split_ward": [[0.2903225806451613, 0.7377731529656608], [0.44016649323621226, 0.7190426638917794], [0.5796045785639958, 1.0], [0.644120707596254, 0.9032258064516129], [0.7440166493236212, 0.8782518210197711], [0.7096774193548387, 0.854318418314256], [0.7481789802289281, 0.8595213319458896], [0.7273673257023934, 0.8428720083246618], [0.7918834547346514, 0.8074921956295525], [0.7939646201873048, 0.8730489073881373], [0.441207075962539, 0.7793964620187305], [0.785639958376691, 0.8241415192507804]]}