{"goodness_cluster_mocking_nested_ratio_average": [[0.3028095733610822, 0.7232049947970863], [0.46097814776274715, 0.7866805411030177], [0.6201873048907388, 1.0], [0.6222684703433923, 0.8168574401664932], [0.7034339229968782, 0.9063475546305931], [0.6133194588969823, 0.8651404786680541], [0.7099375650364204, 0.8577003121748179], [0.7008324661810614, 0.8569198751300728], [0.7613596947624003, 0.8373222337842525], [0.754006243496358, 0.8715920915712799], [0.43600416233090533, 0.7721123829344433], [0.7903225806451613, 0.8631633714880333]], "evaluation_kmeans_3": [[238, 411], [290, 411], [342, 411], [305, 411], [339, 411], [339, 411], [337, 411], [327, 411], [325, 411], [322, 411], [187, 411], [336, 411]], "goodness_cluster_mocking_nested_ratio_complete": [[0.2934443288241415, 0.7440166493236212], [0.4183142559833507, 0.7242455775234131], [0.5879292403746098, 1.0], [0.5993756503642039, 0.768990634755463], [0.6919875130072841, 0.8699271592091571], [0.6745057232049948, 0.8815816857440167], [0.7360388484217829, 0.8421782865071107], [0.7355879292403746, 0.8979188345473464], [0.7908428720083246, 0.8262226847034339], [0.8210197710718002, 0.9073881373569199], [0.5400624349635796, 0.7721123829344433], [0.7963430949903374, 0.862940389475249]], "goodness_cluster_mocking_nested_ratio_single": [[0.37356919875130074, 0.6742976066597295], [0.6690946930280958, 0.7845993756503642], [0.7325702393340271, 1.0], [0.6909469302809573, 0.826222684703434], [0.7481789802289281, 0.9105098855359001], [0.6759625390218522, 0.8643080124869927], [0.7446236559139785, 0.8788588276101283], [0.7033595956592835, 0.8656905009662554], [0.7263787721123829, 0.8221123829344432], [0.7315792081660968, 0.86477379713592], [0.4172736732570239, 0.7721123829344433], [0.7849054293934015, 0.8712737956785211]], "goodness_cluster_mocking_nested_ratio_ward": [[0.31217481789802287, 0.7273673257023934], [0.463579604578564, 0.7247658688865765], [0.5806451612903226, 1.0], [0.6149843912591051, 0.7731529656607701], [0.7377731529656608, 0.8751300728407908], [0.682414151925078, 0.8437044745057232], [0.758168574401665, 0.8528616024973986], [0.7183489420742283, 0.8588276101283385], [0.7784946236559138, 0.794103364550815], [0.8100936524453695, 0.8943808532778356], [0.4432882414151925, 0.7721123829344433], [0.793097467915366, 0.8211932015261879]], "label_correctness_kmeans_3": [[572, 961], [662, 961], [782, 961], [698, 961], [775, 961], [775, 961], [784, 961], [765, 961], [766, 961], [771, 961], [417, 961], [784, 961]], "name": ["prob-0.01", "prob-0.02", "prob-0.03", "prob-0.04", "prob-0.05", "prob-0.06", "prob-0.07", "prob-0.08", "prob-0.09", "prob-0.1", "some-1-prob-0.1", "some-2-prob-0.1"]}