{"evaluation_kmeans_3": [[60, 479], [159, 479], [155, 479], [247, 479], [225, 479], [200, 479], [253, 479], [237, 479], [221, 479], [196, 479], [234, 479], [175, 479], [157, 479], [173, 479]], "name": ["prob-0.01", "prob-0.02", "prob-0.03", "prob-0.04", "prob-0.05", "prob-0.06", "prob-0.07", "prob-0.08", "prob-0.09", "prob-0.1", "some-3-prob-0.1", "some-4-prob-0.1", "some-5-prob-0.1", "some-6-prob-0.1"], "label_correctness_kmeans_3": [[169, 1120], [333, 1120], [345, 1120], [562, 1120], [510, 1120], [501, 1120], [570, 1120], [544, 1120], [526, 1120], [448, 1120], [533, 1120], [428, 1120], [291, 1120], [374, 1120]], "goodness_cluster_mocking_nested_split_average": [[0.36607142857142855, 0.45], [0.3339285714285714, 0.6392857142857142], [0.22232142857142856, 0.7455357142857143], [0.43214285714285716, 0.8276785714285714], [0.41696428571428573, 0.8392857142857143], [0.36428571428571427, 0.79375], [0.32767857142857143, 0.8196428571428571], [0.36964285714285716, 0.7758928571428572], [0.4, 0.8383928571428572], [0.23482142857142857, 0.7544642857142857], [0.3892857142857143, 0.8625], [0.3125, 0.7508928571428571], [0.3375, 0.80625], [0.25892857142857145, 0.8276785714285714]], "goodness_cluster_mocking_nested_split_ward": [[0.09196428571428572, 0.44642857142857145], [0.19642857142857142, 0.6517857142857143], [0.20267857142857143, 0.7214285714285714], [0.3142857142857143, 0.8696428571428572], [0.35267857142857145, 0.7964285714285714], [0.34017857142857144, 0.7776785714285714], [0.4517857142857143, 0.7982142857142858], [0.43392857142857144, 0.7267857142857143], [0.38392857142857145, 0.8196428571428571], [0.2875, 0.6741071428571429], [0.40089285714285716, 0.8258928571428571], [0.3964285714285714, 0.6705357142857142], [0.32321428571428573, 0.7928571428571428], [0.3080357142857143, 0.7392857142857143]], "goodness_cluster_mocking_nested_split_single": [[0.07142857142857142, 0.4375], [0.1125, 0.6946428571428571], [0.18571428571428572, 0.7660714285714286], [0.12678571428571428, 0.9464285714285714], [0.14107142857142857, 0.9258928571428572], [0.15803571428571428, 0.9169642857142857], [0.11517857142857142, 0.8830357142857143], [0.15982142857142856, 0.8776785714285714], [0.21160714285714285, 0.9196428571428571], [0.19732142857142856, 0.8508928571428571], [0.19375, 0.9035714285714286], [0.18482142857142858, 0.8383928571428572], [0.1875, 0.8839285714285714], [0.20089285714285715, 0.8625]], "goodness_cluster_mocking_nested_split_complete": [[0.12946428571428573, 0.4446428571428571], [0.2392857142857143, 0.6366071428571428], [0.23482142857142857, 0.7553571428571428], [0.33214285714285713, 0.85625], [0.3723214285714286, 0.8669642857142857], [0.4089285714285714, 0.775], [0.4044642857142857, 0.8035714285714286], [0.41964285714285715, 0.7660714285714286], [0.4107142857142857, 0.8205357142857143], [0.3294642857142857, 0.6696428571428571], [0.3482142857142857, 0.7785714285714286], [0.3848214285714286, 0.6928571428571428], [0.3026785714285714, 0.7696428571428572], [0.29464285714285715, 0.7919642857142857]]}