{"goodness_cluster_mocking": [0.8428965394537853, 0.8958236141582819, 0.887021998551222, 0.9051524157343023, 0.8804931125117834, 0.8994424046017382, 0.8822022576418314, 0.884064995531812, 0.8871148539037794, 0.889386870285478, 0.7227311836084441, 0.917001776476247, 0.6626705998133753, 0.8552232230969137, 0.883849238421284, 0.8999443048714703], "name": ["prob-0.01", "prob-0.02", "prob-0.03", "prob-0.04", "prob-0.05", "prob-0.06", "prob-0.07", "prob-0.08", "prob-0.09", "prob-0.1", "some-5-prob-0.1", "some-6-prob-0.1", "some-7-prob-0.1", "some-8-prob-0.1", "some-9-prob-0.1", "some-10-prob-0.1"], "evaluation_kmeans_3": [[2815, 3498], [2953, 3498], [2876, 3498], [3008, 3498], [3021, 3498], [3018, 3498], [2992, 3498], [2917, 3498], [2983, 3498], [2980, 3498], [1513, 3498], [2090, 3498], [2032, 3498], [2512, 3498], [2851, 3498], [3059, 3498]], "label_correctness_kmeans_3": [[6108, 7494], [6540, 7494], [6156, 7494], [6505, 7494], [6639, 7494], [6661, 7494], [6653, 7494], [6593, 7494], [6606, 7494], [6541, 7494], [3422, 7494], [4406, 7494], [4578, 7494], [5519, 7494], [6052, 7494], [6661, 7494]], "goodness_cluster_mocking_nested_ratio_complete": [[0.5274975535984343, 0.8667022506894404], [0.6659327461969575, 0.9184013877768882], [0.7152833377813362, 0.9123743439195802], [0.7487460675611197, 0.9110092114095317], [0.7925370137379745, 0.9157022125637015], [0.8158640529800615, 0.9192801191663439], [0.8416546994209124, 0.9009020973392472], [0.823139532827283, 0.9014688629580543], [0.8512866925419756, 0.8905180776500621], [0.8510174663322009, 0.901591258699428], [0.505494228030559, 0.7402153382520695], [0.643372280241776, 0.9596252826436975], [0.6095470447123558, 0.6968168605650381], [0.7433546503033671, 0.8737256137407837], [0.8259543984534322, 0.902148687217777], [0.8698284805164818, 0.9093267457953714]], "goodness_cluster_mocking_nested_split_ward": [[0.4527622097678142, 0.8765679210034695], [0.6139578329330131, 0.9027221777421938], [0.7417934347477982, 0.9061916199626368], [0.7902321857485989, 0.9085935414998666], [0.8150520416333067, 0.921937550040032], [0.8368027755537764, 0.9354149986655992], [0.836936215639178, 0.9080597811582599], [0.8393381371764078, 0.9013877768881772], [0.8458767013610888, 0.9039231385108086], [0.8501467840939418, 0.9005871363757673], [0.5165465705898051, 0.7431278356018148], [0.6032826261008807, 0.9550306912196423], [0.6171603949826527, 0.6930878035761943], [0.7503336002135041, 0.852014945289565], [0.8229250066720043, 0.9143314651721377], [0.8823058446757406, 0.9071257005604484]]}