{"goodness_cluster_mocking_nested_ratio_average": [[0.4026190476190476, 0.6583333333333333], [0.5886507936507935, 0.9043650793650794], [0.5307142857142857, 0.9183333333333333], [0.6943242630385489, 0.890514739229025], [0.6331746031746032, 0.8631746031746033], [0.6870995670995671, 0.9018614718614719], [0.6968197278911564, 0.9063435374149659], [0.669, 0.8704285714285714], [0.7646428571428572, 0.8917857142857143], [0.7902807377807377, 0.904566452066452], [0.4887755102040817, 0.5521088435374151], [0.621904761904762, 0.7861904761904762], [0.7177861319966584, 0.9101670843776107], [0.7911190476190476, 0.8963571428571429], [0.7625056022408963, 0.8777436974789915]], "evaluation_kmeans_3": [[121, 210], [168, 210], [157, 210], [165, 210], [179, 210], [178, 210], [175, 210], [168, 210], [178, 210], [171, 210], [80, 210], [120, 210], [135, 210], [160, 210], [180, 210]], "goodness_cluster_mocking_nested_ratio_complete": [[0.2419047619047619, 0.6719047619047619], [0.41714285714285715, 0.9023809523809524], [0.47285714285714286, 0.930952380952381], [0.5920634920634921, 0.8987301587301588], [0.5560952380952381, 0.9122857142857143], [0.6223129251700681, 0.9451700680272108], [0.6507465986394557, 0.9174132653061224], [0.573487702773417, 0.8915829408686551], [0.7325, 0.911547619047619], [0.7861035525321239, 0.9094368858654572], [0.4836825396825397, 0.5627301587301587], [0.6133333333333333, 0.7861904761904762], [0.6841666666666667, 0.9075], [0.7250661375661376, 0.9022089947089947], [0.7157051282051282, 0.8742765567765568]], "goodness_cluster_mocking_nested_ratio_single": [[0.4219047619047619, 0.6776190476190476], [0.6557142857142857, 0.8876190476190476], [0.6469047619047619, 0.9164285714285715], [0.7444897959183674, 0.8906802721088436], [0.7628095238095238, 0.8975714285714286], [0.7812265512265513, 0.926940836940837], [0.7659183673469389, 0.9116326530612244], [0.7508037518037518, 0.8684227994227994], [0.839880574452003, 0.9141662887377174], [0.8264406149406149, 0.9088215673215673], [0.4988627450980392, 0.5479103641456582], [0.7142857142857143, 0.7861904761904762], [0.7352882205513784, 0.8924310776942356], [0.8100476190476191, 0.8862380952380953], [0.7761519607843137, 0.8571043417366947]], "goodness_cluster_mocking_nested_ratio_ward": [[0.21714285714285714, 0.6847619047619048], [0.36857142857142855, 0.920952380952381], [0.4583333333333333, 0.9421428571428572], [0.596984126984127, 0.9012698412698412], [0.6201825396825398, 0.8630396825396824], [0.6787142857142857, 0.8906190476190476], [0.6872063492063493, 0.8886349206349206], [0.6486507936507937, 0.8719841269841269], [0.7593888888888888, 0.9036746031746032], [0.7317460317460318, 0.8931746031746031], [0.4547777777777778, 0.550968253968254], [0.6161904761904762, 0.7861904761904762], [0.6882142857142857, 0.9086904761904762], [0.7561507936507937, 0.8999603174603175], [0.7511216931216932, 0.8858835978835979]], "label_correctness_kmeans_3": [[1245, 2100], [1650, 2100], [1584, 2100], [1672, 2100], [1767, 2100], [1762, 2100], [1749, 2100], [1652, 2100], [1766, 2100], [1726, 2100], [811, 2100], [1194, 2100], [1371, 2100], [1603, 2100], [1798, 2100]], "name": ["prob-0.01", "prob-0.02", "prob-0.03", "prob-0.04", "prob-0.05", "prob-0.06", "prob-0.07", "prob-0.08", "prob-0.09", "prob-0.1", "some-3-prob-0.1", "some-4-prob-0.1", "some-5-prob-0.1", "some-6-prob-0.1", "some-7-prob-0.1"]}