{"evaluation_kmeans_3": [[382, 693], [545, 693], [515, 693], [539, 693], [472, 693], [570, 693], [518, 693], [568, 693], [569, 693], [582, 693], [262, 693], [333, 693], [448, 693], [515, 693], [591, 693]], "name": ["prob-0.01", "prob-0.02", "prob-0.03", "prob-0.04", "prob-0.05", "prob-0.06", "prob-0.07", "prob-0.08", "prob-0.09", "prob-0.1", "some-3-prob-0.1", "some-4-prob-0.1", "some-5-prob-0.1", "some-6-prob-0.1", "some-7-prob-0.1"], "label_correctness_kmeans_3": [[870, 1617], [1258, 1617], [1208, 1617], [1297, 1617], [1215, 1617], [1339, 1617], [1259, 1617], [1335, 1617], [1328, 1617], [1385, 1617], [613, 1617], [772, 1617], [1077, 1617], [1201, 1617], [1409, 1617]], "goodness_cluster_mocking_nested_split_average": [[0.3722943722943723, 0.6332714904143476], [0.47186147186147187, 0.8658008658008658], [0.4557823129251701, 0.8200371057513914], [0.54421768707483, 0.8942486085343229], [0.6233766233766234, 0.8620902906617193], [0.6437847866419295, 0.8991960420531849], [0.6369820655534941, 0.878169449598021], [0.6561533704390847, 0.891156462585034], [0.7198515769944341, 0.9078540507111935], [0.6468769325912183, 0.9214594928880643], [0.3846629560915275, 0.6159554730983302], [0.43166357452071735, 0.5930735930735931], [0.6351267779839208, 0.7371675943104514], [0.588126159554731, 0.8175633889919605], [0.7217068645640075, 0.9363017934446506]], "goodness_cluster_mocking_nested_split_ward": [[0.25170068027210885, 0.6332714904143476], [0.37353123067408783, 0.8763141620284477], [0.37909709338280767, 0.8311688311688312], [0.5027829313543599, 0.8707482993197279], [0.5788497217068646, 0.852195423623995], [0.62708719851577, 0.904143475572047], [0.5949288806431664, 0.849721706864564], [0.670995670995671, 0.8546691403834261], [0.7402597402597403, 0.8948670377241806], [0.6728509585652442, 0.9084724799010513], [0.396413110698825, 0.6128633271490415], [0.4483611626468769, 0.5683364254792826], [0.6654298082869512, 0.7297464440321583], [0.6549165120593692, 0.8132343846629561], [0.7557204700061843, 0.9097093382807668]], "goodness_cluster_mocking_nested_split_single": [[0.437847866419295, 0.6332714904143476], [0.6363636363636364, 0.8750773036487323], [0.6159554730983302, 0.8441558441558441], [0.6468769325912183, 0.8546691403834261], [0.7006802721088435, 0.8546691403834261], [0.7068645640074211, 0.9004329004329005], [0.6592455163883735, 0.865182436611008], [0.6926406926406926, 0.8961038961038961], [0.7612863327149041, 0.9134199134199135], [0.725417439703154, 0.9226963512677798], [0.4588744588744589, 0.6159554730983302], [0.42424242424242425, 0.5943104514533086], [0.6648113790970934, 0.7445887445887446], [0.6283240568954854, 0.8280766852195424], [0.7717996289424861, 0.9282622139764997]], "goodness_cluster_mocking_nested_split_complete": [[0.2782931354359926, 0.6332714904143476], [0.37662337662337664, 0.8763141620284477], [0.33457019171304886, 0.8095238095238095], [0.48546691403834263, 0.8670377241805813], [0.5423623995052567, 0.8503401360544217], [0.6258503401360545, 0.9424860853432282], [0.5794681508967223, 0.8688930117501547], [0.6357452071737786, 0.8837353123067409], [0.6456400742115028, 0.9059987631416203], [0.6536796536796536, 0.9208410636982065], [0.38961038961038963, 0.6103896103896104], [0.42857142857142855, 0.5788497217068646], [0.6462585034013606, 0.7421150278293135], [0.5800865800865801, 0.8249845392702535], [0.7445887445887446, 0.9189857761286333]]}