{"goodness_cluster_mocking_nested_ratio_average": [[0.7849686847599165, 0.8689979123173278], [0.869258872651357, 0.9378914405010439], [0.9227557411273486, 0.9697286012526096], [0.8823068893528184, 0.9572025052192067], [0.9055323590814196, 0.982776617954071], [0.926017745302714, 0.9821242171189979], [0.9102296450939458, 0.9853862212943633], [0.9325417536534447, 0.9776878914405011], [0.9151147651930531, 0.9748746816857463], [0.9272573068893528, 0.9815370563674322], [0.8877870563674322, 0.9532881002087683], [0.8723903966597077, 0.9786012526096033], [0.7780206158663883, 0.8714444154488518], [0.8241127348643006, 0.916231732776618]], "evaluation_kmeans_3": [[1416, 1641], [1478, 1641], [1569, 1641], [1554, 1641], [1558, 1641], [1569, 1641], [1571, 1641], [1571, 1641], [1568, 1641], [1563, 1641], [1494, 1641], [1487, 1641], [1324, 1641], [1449, 1641]], "goodness_cluster_mocking_nested_ratio_complete": [[0.7646137787056367, 0.8689979123173278], [0.8348121085594989, 0.9493736951983298], [0.8477296450939458, 0.9706419624217119], [0.9115344467640919, 0.9590292275574113], [0.9151878914405011, 0.9830375782881002], [0.9163622129436325, 0.983429018789144], [0.9284968684759917, 0.9853862212943633], [0.9305193110647182, 0.9743606471816284], [0.9292735361367929, 0.9720710309175862], [0.9278879610299234, 0.9787752261656227], [0.8953549060542797, 0.9532881002087683], [0.8624739039665971, 0.9775574112734864], [0.8208602418805969, 0.8652234986655656], [0.8848698361485419, 0.9180117985702537]], "goodness_cluster_mocking_nested_ratio_single": [[0.8507306889352818, 0.8689979123173278], [0.8828288100208769, 0.9261482254697286], [0.9428496868475992, 0.9699895615866388], [0.9337160751565762, 0.965553235908142], [0.9389352818371608, 0.9843423799582464], [0.9475469728601252, 0.973643006263048], [0.9410229645093946, 0.980427974947808], [0.9512004175365344, 0.9762526096033403], [0.9371085594989561, 0.9725991649269311], [0.9402400835073069, 0.9783402922755741], [0.899008350730689, 0.9532881002087683], [0.899008350730689, 0.9786012526096033], [0.8237212943632568, 0.8641701461377871], [0.8885699373695198, 0.9044885177453027]], "goodness_cluster_mocking_nested_ratio_ward": [[0.5981210855949896, 0.8689979123173278], [0.7272964509394572, 0.9420668058455115], [0.8115866388308977, 0.9699895615866388], [0.920929018789144, 0.965553235908142], [0.9201461377870563, 0.982776617954071], [0.922625260960334, 0.975339248434238], [0.9305845511482255, 0.9796450939457203], [0.9448068893528184, 0.9750782881002088], [0.9360178791285263, 0.9720304052245596], [0.9295407098121086, 0.9806889352818372], [0.8700417536534447, 0.9532881002087683], [0.842901878914405, 0.9775574112734864], [0.7341210720386085, 0.8439853726649134], [0.7943352489542469, 0.8953268982235579]], "label_correctness_kmeans_3": [[3297, 3832], [3445, 3832], [3663, 3832], [3627, 3832], [3643, 3832], [3669, 3832], [3672, 3832], [3672, 3832], [3661, 3832], [3660, 3832], [3463, 3832], [3462, 3832], [3191, 3832], [3432, 3832]], "name": ["prob-0.01", "prob-0.02", "prob-0.03", "prob-0.04", "prob-0.05", "prob-0.06", "prob-0.07", "prob-0.08", "prob-0.09", "prob-0.1", "some-2-prob-0.1", "some-3-prob-0.1", "some-4-prob-0.1", "some-5-prob-0.1"]}