{"goodness_cluster_mocking": [0.6673908816953437, 0.6532752850338153, 0.622835340026941, 0.6297728777168847, 0.5982540376897333, 0.6054574504268293, 0.5966532119091175, 0.5188201366542565, 0.5541870235658511, 0.5760622651615387, 0.6754543560735146, 0.4796631574442998, 0.49452821108294315, 0.5013349133381444, 0.4511555473925583], "name": ["prob-0.01", "prob-0.02", "prob-0.03", "prob-0.04", "prob-0.05", "prob-0.06", "prob-0.07", "prob-0.08", "prob-0.09", "prob-0.1", "some-3-prob-0.1", "some-4-prob-0.1", "some-5-prob-0.1", "some-6-prob-0.1", "some-7-prob-0.1"], "evaluation_kmeans_3": [[416, 1469], [517, 1469], [601, 1469], [667, 1469], [577, 1469], [669, 1469], [721, 1469], [702, 1469], [732, 1469], [747, 1469], [311, 1469], [489, 1469], [538, 1469], [308, 1469], [450, 1469]], "label_correctness_kmeans_3": [[1040, 3429], [1306, 3429], [1407, 3429], [1592, 3429], [1378, 3429], [1584, 3429], [1657, 3429], [1565, 3429], [1714, 3429], [1735, 3429], [715, 3429], [1169, 3429], [1201, 3429], [703, 3429], [1035, 3429]], "goodness_cluster_mocking_nested_ratio_complete": [[0.3505006318654612, 0.6978322154175173], [0.4774472635365024, 0.7107514338485468], [0.4738909951070931, 0.6806568160461424], [0.5280950150591446, 0.6642863244788003], [0.5420864058659334, 0.6561138191059451], [0.5277419026325413, 0.6236882426733695], [0.5383560009544262, 0.6322609295050239], [0.46323548781991475, 0.553932484028722], [0.5114670973145902, 0.5934151871366956], [0.5458502533838225, 0.6085507491551845], [0.5849983503745533, 0.7369376912902722], [0.42707580234808845, 0.5011498764221625], [0.4681804197552229, 0.5658765410733915], [0.40356645234160543, 0.5578388349604447], [0.3596709520787026, 0.47778118829917504]], "goodness_cluster_mocking_nested_split_ward": [[0.2388451443569554, 0.7258675998833479], [0.3455818022747157, 0.7661125692621755], [0.3342082239720035, 0.7439486730825313], [0.39253426655001455, 0.7177019539224264], [0.40769903762029747, 0.7404491105278507], [0.4120734908136483, 0.7439486730825313], [0.40507436570428695, 0.7591134441528142], [0.34995625546806647, 0.7039953339165937], [0.35345581802274717, 0.7340332458442694], [0.37066200058326043, 0.7136191309419656], [0.457859434237387, 0.7824438611840187], [0.26100904053659957, 0.6380869058034412], [0.3289588801399825, 0.6972878390201225], [0.3184601924759405, 0.7037037037037037], [0.2782152230971129, 0.6599591717701954]]}