{"goodness_cluster_mocking": [0.6054590570719603, 0.760723147819922, 0.7249793217535152, 0.6435070306038048, 0.7183622828784119, 0.6749793217535153, 0.612130279587585, 0.645906986751389, 0.632196029776675, 0.6114599375522884, 1.0, 0.5914798927075275], "name": ["prob-0.01", "prob-0.02", "prob-0.03", "prob-0.04", "prob-0.05", "prob-0.06", "prob-0.07", "prob-0.08", "prob-0.09", "prob-0.1", "some-1-prob-0.1", "some-2-prob-0.1"], "evaluation_kmeans_3": [[144, 345], [178, 345], [197, 345], [209, 345], [182, 345], [195, 345], [176, 345], [186, 345], [188, 345], [195, 345], [195, 345], [198, 345]], "label_correctness_kmeans_3": [[364, 806], [374, 806], [426, 806], [478, 806], [454, 806], [441, 806], [416, 806], [463, 806], [440, 806], [416, 806], [416, 806], [444, 806]], "goodness_cluster_mocking_nested_ratio_complete": [[0.3058312655086849, 0.6160049627791563], [0.6368899917287014, 0.7646815550041357], [0.5711331679073615, 0.7559966914805625], [0.5579286305092757, 0.6422958761668438], [0.7114444695089858, 0.7672757350176705], [0.5930816495332625, 0.674967505612667], [0.5607871519161841, 0.6811345464571272], [0.5572279870666967, 0.6639277389277389], [0.5660580114674407, 0.6467031727577635], [0.5757266926621766, 0.635280042538107], [0.9553349875930521, 1.0], [0.5572663895244541, 0.5944872331969107]], "goodness_cluster_mocking_nested_split_ward": [[0.23573200992555832, 0.684863523573201], [0.3598014888337469, 0.7816377171215881], [0.49255583126550867, 0.826302729528536], [0.34491315136476425, 0.7307692307692307], [0.5669975186104218, 0.8101736972704715], [0.4665012406947891, 0.7866004962779156], [0.358560794044665, 0.78287841191067], [0.3188585607940447, 0.7990074441687345], [0.2841191066997519, 0.7816377171215881], [0.3163771712158809, 0.7593052109181141], [0.956575682382134, 1.0], [0.39826302729528534, 0.7977667493796526]]}