{"evaluation_kmeans_3": [[2, 30], [9, 30], [11, 30], [14, 30], [12, 30], [19, 30], [9, 30], [17, 30], [18, 30], [17, 30], [10, 30], [12, 30], [21, 30]], "name": ["prob-0.01", "prob-0.02", "prob-0.03", "prob-0.04", "prob-0.05", "prob-0.06", "prob-0.07", "prob-0.08", "prob-0.09", "prob-0.1", "some-1-prob-0.1", "some-2-prob-0.1", "some-3-prob-0.1"], "label_correctness_kmeans_3": [[18, 120], [33, 120], [51, 120], [63, 120], [39, 120], [79, 120], [62, 120], [65, 120], [91, 120], [77, 120], [37, 120], [68, 120], [83, 120]], "goodness_cluster_mocking_nested_split_average": [[0.008333333333333333, 0.15833333333333333], [0.09166666666666666, 0.275], [0.2, 0.43333333333333335], [0.26666666666666666, 0.55], [0.13333333333333333, 0.3333333333333333], [0.3, 0.6833333333333333], [0.31666666666666665, 0.5083333333333333], [0.25, 0.5583333333333333], [0.3416666666666667, 0.7666666666666667], [0.38333333333333336, 0.6666666666666666], [0.2833333333333333, 0.325], [0.43333333333333335, 0.575], [0.49166666666666664, 0.7166666666666667]], "goodness_cluster_mocking_nested_split_ward": [[0.008333333333333333, 0.15833333333333333], [0.09166666666666666, 0.275], [0.11666666666666667, 0.43333333333333335], [0.19166666666666668, 0.55], [0.13333333333333333, 0.3333333333333333], [0.23333333333333334, 0.6833333333333333], [0.19166666666666668, 0.5083333333333333], [0.2833333333333333, 0.5583333333333333], [0.3416666666666667, 0.7666666666666667], [0.39166666666666666, 0.6666666666666666], [0.23333333333333334, 0.325], [0.43333333333333335, 0.575], [0.4, 0.7166666666666667]], "goodness_cluster_mocking_nested_split_single": [[0.008333333333333333, 0.15833333333333333], [0.24166666666666667, 0.275], [0.26666666666666666, 0.43333333333333335], [0.275, 0.55], [0.14166666666666666, 0.3333333333333333], [0.23333333333333334, 0.6833333333333333], [0.21666666666666667, 0.5083333333333333], [0.21666666666666667, 0.5583333333333333], [0.35, 0.7666666666666667], [0.36666666666666664, 0.6666666666666666], [0.24166666666666667, 0.325], [0.39166666666666666, 0.575], [0.375, 0.7166666666666667]], "goodness_cluster_mocking_nested_split_complete": [[0.025, 0.15833333333333333], [0.09166666666666666, 0.275], [0.14166666666666666, 0.43333333333333335], [0.18333333333333332, 0.55], [0.10833333333333334, 0.3333333333333333], [0.23333333333333334, 0.6833333333333333], [0.19166666666666668, 0.5083333333333333], [0.225, 0.5583333333333333], [0.2833333333333333, 0.7666666666666667], [0.425, 0.6666666666666666], [0.23333333333333334, 0.325], [0.4083333333333333, 0.575], [0.4083333333333333, 0.7166666666666667]]}