{"goodness_cluster_mocking_nested_split_average": [[0.22589285714285715, 0.4330357142857143], [0.3651785714285714, 0.6714285714285714], [0.40625, 0.7464285714285714], [0.4517857142857143, 0.9089285714285714], [0.32142857142857145, 0.6294642857142857], [0.4276785714285714, 0.88125], [0.3669642857142857, 0.8026785714285715], [0.38392857142857145, 0.8160714285714286], [0.31339285714285714, 0.8], [0.28660714285714284, 0.7446428571428572], [0.41875, 0.8258928571428571], [0.3151785714285714, 0.7464285714285714], [0.24642857142857144, 0.7375], [0.3053571428571429, 0.8]], "goodness_cluster_mocking_nested_split_single": [[0.18125, 0.46875], [0.20714285714285716, 0.64375], [0.29910714285714285, 0.8508928571428571], [0.32321428571428573, 0.91875], [0.1669642857142857, 0.6928571428571428], [0.21964285714285714, 0.9607142857142857], [0.1419642857142857, 0.9107142857142857], [0.19553571428571428, 0.9303571428571429], [0.21607142857142858, 0.9116071428571428], [0.18303571428571427, 0.8535714285714285], [0.16785714285714284, 0.8339285714285715], [0.27589285714285716, 0.875], [0.10714285714285714, 0.8491071428571428], [0.16160714285714287, 0.8964285714285715]], "evaluation_kmeans_3": [[99, 479], [146, 479], [191, 479], [246, 479], [144, 479], [228, 479], [186, 479], [230, 479], [236, 479], [216, 479], [150, 479], [182, 479], [133, 479], [139, 479]], "label_correctness_kmeans_3": [[206, 1120], [353, 1120], [415, 1120], [565, 1120], [342, 1120], [523, 1120], [501, 1120], [528, 1120], [541, 1120], [518, 1120], [396, 1120], [433, 1120], [296, 1120], [331, 1120]], "name": ["prob-0.01", "prob-0.02", "prob-0.03", "prob-0.04", "prob-0.05", "prob-0.06", "prob-0.07", "prob-0.08", "prob-0.09", "prob-0.1", "some-3-prob-0.1", "some-4-prob-0.1", "some-5-prob-0.1", "some-6-prob-0.1"], "goodness_cluster_mocking_nested_split_complete": [[0.17589285714285716, 0.4857142857142857], [0.2526785714285714, 0.6473214285714286], [0.3053571428571429, 0.7928571428571428], [0.3821428571428571, 0.8875], [0.2910714285714286, 0.6491071428571429], [0.41875, 0.8473214285714286], [0.37410714285714286, 0.7508928571428571], [0.3651785714285714, 0.8625], [0.40625, 0.7732142857142857], [0.3482142857142857, 0.6973214285714285], [0.39553571428571427, 0.7625], [0.3392857142857143, 0.7446428571428572], [0.29464285714285715, 0.73125], [0.35625, 0.7294642857142857]], "goodness_cluster_mocking_nested_split_ward": [[0.13660714285714284, 0.5], [0.2375, 0.6401785714285714], [0.29732142857142857, 0.8758928571428571], [0.35982142857142857, 0.8901785714285714], [0.30357142857142855, 0.6723214285714286], [0.45982142857142855, 0.8455357142857143], [0.32410714285714287, 0.725], [0.41160714285714284, 0.84375], [0.37410714285714286, 0.7830357142857143], [0.39107142857142857, 0.7267857142857143], [0.3830357142857143, 0.7491071428571429], [0.39285714285714285, 0.7785714285714286], [0.3142857142857143, 0.7169642857142857], [0.33214285714285713, 0.7758928571428572]]}