{"goodness_cluster_mocking": [0.7864086183139171, 0.8597549462938414, 0.8696468632207076, 0.832992529866991, 0.8885052070877889, 0.835344805716349, 0.8381848142305592, 0.8028066371809324, 0.8159860128127823, 0.84356156136934, 0.6575951772599391, 0.9163508747300619, 0.7321748661330677, 0.8002717831388273], "name": ["prob-0.01", "prob-0.02", "prob-0.03", "prob-0.04", "prob-0.05", "prob-0.06", "prob-0.07", "prob-0.08", "prob-0.09", "prob-0.1", "some-3-prob-0.1", "some-4-prob-0.1", "some-5-prob-0.1", "some-6-prob-0.1"], "evaluation_kmeans_3": [[1419, 2000], [1631, 2000], [1571, 2000], [1637, 2000], [1621, 2000], [1615, 2000], [1577, 2000], [1621, 2000], [1627, 2000], [1640, 2000], [744, 2000], [1489, 2000], [1424, 2000], [1636, 2000]], "label_correctness_kmeans_3": [[3170, 4435], [3671, 4435], [3562, 4435], [3677, 4435], [3656, 4435], [3645, 4435], [3539, 4435], [3656, 4435], [3701, 4435], [3732, 4435], [1677, 4435], [3413, 4435], [3255, 4435], [3725, 4435]], "goodness_cluster_mocking_nested_ratio_complete": [[0.5611386696730553, 0.798793686583991], [0.6641569929506796, 0.8975279061412095], [0.742259086272615, 0.8915262790572825], [0.7513416956410525, 0.8609245592261708], [0.7865373919579106, 0.9166388575723413], [0.784837467117625, 0.8490990229237129], [0.7403587493553672, 0.8352854686338339], [0.7689687745550203, 0.8327793720747497], [0.7756895844380772, 0.8395001819578067], [0.8054314566180406, 0.863830554701468], [0.4729237726433926, 0.6869034795205065], [0.8644832769635475, 0.9332544156332206], [0.7052133209482512, 0.7421919004296491], [0.7778817935370311, 0.8180170810229387]], "goodness_cluster_mocking_nested_split_ward": [[0.34971815107102594, 0.8200676437429538], [0.549718151071026, 0.9199549041713642], [0.7237880496054115, 0.8841037204058625], [0.688162344983089, 0.9052987598647125], [0.6791431792559188, 0.9177001127395716], [0.741826381059752, 0.9055242390078918], [0.6545659526493799, 0.8773393461104848], [0.6971815107102594, 0.8825253664036077], [0.6430665163472379, 0.9041713641488163], [0.6904171364148817, 0.9116121758737317], [0.40428410372040585, 0.7197294250281849], [0.8090191657271703, 0.9440811724915446], [0.5776775648252537, 0.8103720405862458], [0.6680947012401353, 0.8622322435174746]]}