{"goodness_cluster_mocking_nested_split_average": [[0.6741393114491593, 0.8876434480918067], [0.7479316786762743, 0.9198025086736056], [0.7620763277288497, 0.9306111555911396], [0.8274619695756605, 0.9294101948225247], [0.8243928476114225, 0.9247397918334668], [0.7694155324259407, 0.9403522818254604], [0.8321323725647184, 0.922337870296237], [0.8297304510274887, 0.9274085935414998], [0.8243928476114225, 0.8989858553509474], [0.7966373098478783, 0.9073925807312516], [0.5165465705898051, 0.6146250333600214], [0.6390445689885241, 0.9195356285028022], [0.6511876167600748, 0.7608753669602348], [0.7396583933813717, 0.8912463303976514], [0.8474779823859088, 0.9382172404590339], [0.847344542300507, 0.9352815585801975]], "goodness_cluster_mocking_nested_split_single": [[0.7772884974646384, 0.8761676007472645], [0.7973045102748866, 0.8867093674939952], [0.785962103015746, 0.8931144915932746], [0.8670936749399519, 0.9152655457699493], [0.8327995729917267, 0.9232719508940486], [0.8352014945289565, 0.9382172404590339], [0.8233253269282093, 0.9222044302108353], [0.8512143047771551, 0.9160661862823593], [0.8429410194822524, 0.911529223378703], [0.8297304510274887, 0.9059247397918335], [0.5338937816920203, 0.6167600747264478], [0.718708299973312, 0.9211369095276221], [0.6490525753936482, 0.7602081665332265], [0.7828929810515078, 0.888310648518815], [0.8797704830531091, 0.9403522818254604], [0.8712303175874032, 0.9274085935414998]], "evaluation_kmeans_3": [[2813, 3498], [2903, 3498], [2932, 3498], [2986, 3498], [3030, 3498], [3022, 3498], [3022, 3498], [3022, 3498], [2946, 3498], [3028, 3498], [1556, 3498], [2061, 3498], [2031, 3498], [2517, 3498], [2850, 3498], [3034, 3498]], "label_correctness_kmeans_3": [[5977, 7494], [6425, 7494], [6207, 7494], [6557, 7494], [6541, 7494], [6704, 7494], [6704, 7494], [6704, 7494], [6566, 7494], [6557, 7494], [3484, 7494], [4404, 7494], [4673, 7494], [5573, 7494], [6156, 7494], [6758, 7494]], "name": ["prob-0.01", "prob-0.02", "prob-0.03", "prob-0.04", "prob-0.05", "prob-0.06", "prob-0.07", "prob-0.08", "prob-0.09", "prob-0.1", "some-5-prob-0.1", "some-6-prob-0.1", "some-7-prob-0.1", "some-8-prob-0.1", "some-9-prob-0.1", "some-10-prob-0.1"], "goodness_cluster_mocking_nested_split_complete": [[0.45569789164665064, 0.8920469709100614], [0.5912730184147318, 0.9334133973845743], [0.7169735788630904, 0.9564985321590606], [0.7746196957566053, 0.9336802775553776], [0.7712836936215639, 0.915398985855351], [0.7827595409661062, 0.9379503602882305], [0.8277288497464639, 0.9097945022684815], [0.8126501200960768, 0.9123298638911129], [0.83306645316253, 0.8928476114224713], [0.8432078996530558, 0.9083266613290633], [0.47838270616493195, 0.6672004270082733], [0.6236989591673339, 0.9552975713904457], [0.610088070456365, 0.7487323191886843], [0.7313851080864692, 0.8909794502268481], [0.8318654923939152, 0.9351481184947958], [0.8449426207632773, 0.940886042167067]], "goodness_cluster_mocking_nested_split_ward": [[0.46904190018681613, 0.8913797704830531], [0.5752602081665332, 0.9187349879903923], [0.7287163063784361, 0.9192687483319989], [0.7774219375500401, 0.8973845743261276], [0.7910328262610088, 0.9206031491860155], [0.8321323725647184, 0.9286095543101147], [0.8406725380304243, 0.9143314651721377], [0.8696290365625834, 0.9155324259407526], [0.8592207099012543, 0.9053909794502268], [0.8501467840939418, 0.8961836135575126], [0.48638911128903123, 0.6295703229250067], [0.6338404056578596, 0.918468107819589], [0.6361088871096877, 0.7460635174806511], [0.745396317053643, 0.8780357619428877], [0.8360021350413664, 0.9306111555911396], [0.882172404590339, 0.9220709901254337]]}