{"goodness_cluster_mocking_nested_ratio_average": [[0.34137291280148424, 0.5306122448979592], [0.49567099567099565, 0.7294372294372294], [0.6368274582560297, 0.8600803957946815], [0.593802456047354, 0.8925037547486527], [0.6291829863258435, 0.8759362330790902], [0.6521630297140502, 0.8710869629236976], [0.6800261426884804, 0.8816340585821105], [0.6331226974084116, 0.8124671624671626], [0.7487940630797774, 0.9089672232529376], [0.70208719851577, 0.8740105132962276], [0.37270774338443513, 0.46361683429352596], [0.42103789567775163, 0.6405802580772568], [0.5405246697918312, 0.6883292461678361], [0.6229982036104486, 0.8072901021880613], [0.6280045351473924, 0.8914553700267986]], "evaluation_kmeans_3": [[332, 693], [411, 693], [526, 693], [498, 693], [543, 693], [516, 693], [551, 693], [563, 693], [548, 693], [555, 693], [233, 693], [323, 693], [394, 693], [475, 693], [566, 693]], "goodness_cluster_mocking_nested_ratio_complete": [[0.21954236239950525, 0.5306122448979592], [0.3772418058132344, 0.7111935683364254], [0.45062873634302203, 0.8575551432694289], [0.5132962275819418, 0.9097093382807668], [0.5303030303030303, 0.8995052566481138], [0.5700002944900905, 0.8736490267102511], [0.585549371263657, 0.901566687280973], [0.5350958565244279, 0.8208101422387136], [0.6516182230467944, 0.9187796330653474], [0.6513090084518657, 0.8850752422180994], [0.3524273345701917, 0.4643630179344465], [0.37275083193450537, 0.651043967370498], [0.5470006184291899, 0.6700680272108843], [0.6042347675000737, 0.7885266660776865], [0.6663780663780664, 0.8896310039167183]], "goodness_cluster_mocking_nested_ratio_single": [[0.4397031539888683, 0.5306122448979592], [0.6091527520098948, 0.7625231910946196], [0.6667078952793238, 0.8466707895279324], [0.7391774891774892, 0.8894557823129252], [0.7568886140314712, 0.8855218855218854], [0.7538210089230498, 0.8663751214771623], [0.7742070854315752, 0.8960376358335542], [0.7137840994983852, 0.8133511990654846], [0.8291250699413966, 0.9262184527490651], [0.7739561664886341, 0.8834181330934577], [0.39694053358649634, 0.45754659419255694], [0.44606272763084887, 0.6198413299808798], [0.5479212874486773, 0.658001683243359], [0.707796105455169, 0.8005604839338333], [0.7654708636701434, 0.8891567016416957]], "goodness_cluster_mocking_nested_ratio_ward": [[0.22077922077922077, 0.5306122448979592], [0.37043908472479903, 0.7353123067408782], [0.46712018140589573, 0.8425066996495569], [0.598433312719027, 0.8928056070913213], [0.5268501339929911, 0.907802514945372], [0.5887445887445888, 0.8540507111935683], [0.5948670377241806, 0.894186765615337], [0.5634096062667491, 0.8534528963100392], [0.7039402774096651, 0.8820478840887004], [0.7123700562476073, 0.86079306181347], [0.39254792826221396, 0.4395485466914038], [0.4258326707306299, 0.6416644579909885], [0.5738944351189249, 0.6617113800787271], [0.6561091969255235, 0.7859793267956534], [0.6946608946608946, 0.8727685013399299]], "label_correctness_kmeans_3": [[763, 1617], [950, 1617], [1212, 1617], [1206, 1617], [1281, 1617], [1261, 1617], [1294, 1617], [1320, 1617], [1312, 1617], [1333, 1617], [620, 1617], [747, 1617], [971, 1617], [1142, 1617], [1340, 1617]], "name": ["prob-0.01", "prob-0.02", "prob-0.03", "prob-0.04", "prob-0.05", "prob-0.06", "prob-0.07", "prob-0.08", "prob-0.09", "prob-0.1", "some-3-prob-0.1", "some-4-prob-0.1", "some-5-prob-0.1", "some-6-prob-0.1", "some-7-prob-0.1"]}