{"evaluation_kmeans_3": [[137, 345], [183, 345], [192, 345], [183, 345], [197, 345], [180, 345], [177, 345], [144, 345], [178, 345], [190, 345], [190, 345], [185, 345]], "name": ["prob-0.01", "prob-0.02", "prob-0.03", "prob-0.04", "prob-0.05", "prob-0.06", "prob-0.07", "prob-0.08", "prob-0.09", "prob-0.1", "some-1-prob-0.1", "some-2-prob-0.1"], "label_correctness_kmeans_3": [[324, 806], [428, 806], [432, 806], [446, 806], [426, 806], [436, 806], [433, 806], [371, 806], [437, 806], [468, 806], [404, 806], [456, 806]], "goodness_cluster_mocking_nested_split_average": [[0.4665012406947891, 0.575682382133995], [0.4292803970223325, 0.7406947890818859], [0.2729528535980149, 0.8101736972704715], [0.46153846153846156, 0.8672456575682382], [0.4478908188585608, 0.674937965260546], [0.3424317617866005, 0.8325062034739454], [0.23573200992555832, 0.8784119106699751], [0.1687344913151365, 0.8486352357320099], [0.25806451612903225, 0.8411910669975186], [0.271712158808933, 0.8647642679900744], [0.9528535980148883, 0.9739454094292804], [0.23945409429280398, 0.8461538461538461]], "goodness_cluster_mocking_nested_split_ward": [[0.28287841191067, 0.6290322580645161], [0.3709677419354839, 0.7593052109181141], [0.45037220843672454, 0.7183622828784119], [0.42431761786600497, 0.7866004962779156], [0.38461538461538464, 0.6836228287841191], [0.45037220843672454, 0.7109181141439206], [0.3225806451612903, 0.7977667493796526], [0.3027295285359802, 0.7133995037220844], [0.32878411910669975, 0.6823821339950372], [0.38089330024813894, 0.8064516129032258], [0.9280397022332506, 0.9739454094292804], [0.36476426799007444, 0.760545905707196]], "goodness_cluster_mocking_nested_split_single": [[0.4987593052109181, 0.5124069478908189], [0.3883374689826303, 0.7568238213399504], [0.3002481389578164, 0.7295285359801489], [0.3548387096774194, 0.847394540942928], [0.3945409429280397, 0.6910669975186104], [0.32754342431761785, 0.8548387096774194], [0.25930521091811415, 0.8387096774193549], [0.1513647642679901, 0.8709677419354839], [0.22704714640198512, 0.8660049627791563], [0.2816377171215881, 0.8734491315136477], [0.9590570719602978, 0.9739454094292804], [0.21836228287841192, 0.8349875930521092]], "goodness_cluster_mocking_nested_split_complete": [[0.36228287841191065, 0.5992555831265509], [0.5397022332506204, 0.7630272952853598], [0.4801488833746898, 0.7754342431761787], [0.39826302729528534, 0.8610421836228288], [0.3759305210918114, 0.7593052109181141], [0.3933002481389578, 0.8027295285359801], [0.27667493796526055, 0.8225806451612904], [0.20099255583126552, 0.7915632754342432], [0.3399503722084367, 0.7841191066997518], [0.3014888337468983, 0.8200992555831266], [0.9181141439205955, 0.9739454094292804], [0.24069478908188585, 0.7630272952853598]]}