{"goodness_cluster_mocking_nested_ratio_average": [[0.5993486925245456, 0.7533294449304949], [0.4776562651890736, 0.6036405171575775], [0.5283145162410254, 0.6890027635434459], [0.5554611229151912, 0.7027343804246691], [0.5192509816744287, 0.5909920140453824], [0.5464669446555757, 0.6266652532003409], [0.5694603758252051, 0.626036637125876], [0.5130098539547359, 0.5687112246167364], [0.4897848031388677, 0.5743575648769836], [0.5287180873956262, 0.6103745470048417], [0.5931873251254381, 0.7112975613459106], [0.39117470578486824, 0.4774972488003247], [0.4785237814189787, 0.5563890482606235], [0.45689978474603227, 0.5356399422263471], [0.36691344934886866, 0.4471117578936339]], "evaluation_kmeans_3": [[447, 1469], [635, 1469], [597, 1469], [673, 1469], [611, 1469], [670, 1469], [706, 1469], [698, 1469], [641, 1469], [714, 1469], [348, 1469], [555, 1469], [480, 1469], [334, 1469], [446, 1469]], "goodness_cluster_mocking_nested_ratio_complete": [[0.431291921843103, 0.7745406824146982], [0.41994750656167984, 0.6984543598716827], [0.5106007582385536, 0.6847039953339166], [0.48448874446249773, 0.7035030343429295], [0.4763389424806748, 0.6381937106346556], [0.514313478880408, 0.6207585065852782], [0.5653499751924949, 0.6502143671435009], [0.5126789803955158, 0.571588283399307], [0.5014576946335477, 0.5676577529595903], [0.5228374469840047, 0.582621640626466], [0.570978350303303, 0.6841308729046447], [0.40305314009446586, 0.43775713542838246], [0.46071532725076036, 0.5931154439028455], [0.4073760461406084, 0.5706889653590395], [0.3300016964110423, 0.480774516475201]], "goodness_cluster_mocking_nested_ratio_single": [[0.296549042480801, 0.8004860503548168], [0.2726256440167201, 0.8267230485078253], [0.2954901470649502, 0.8670853643294587], [0.2912135983002125, 0.8590176227971503], [0.3308677324425356, 0.8015588960470849], [0.30686491391526616, 0.7711402128362344], [0.3206192320365549, 0.7770205152094916], [0.2886960662551214, 0.7357651826155763], [0.300215529860058, 0.7746978862321782], [0.313015943490028, 0.7802075445398969], [0.3653653773076346, 0.8567622860273777], [0.2285408983908056, 0.7006902130598053], [0.3340168259171804, 0.7630048690784519], [0.29924437645424284, 0.7159839506741318], [0.25195558143939595, 0.6727779786397461]], "goodness_cluster_mocking_nested_ratio_ward": [[0.28390201224846895, 0.789005540974045], [0.33097598911247206, 0.7552979488675027], [0.40911830465636245, 0.7249538252162925], [0.48447069116360464, 0.7125255176436279], [0.4173763001846992, 0.637557110916691], [0.519891610770876, 0.640626518907359], [0.47842075296143544, 0.6259856406838036], [0.46485578191614935, 0.5721757002596897], [0.47797948867502676, 0.563718771264703], [0.5465115471677151, 0.6007547667652654], [0.48562592425234596, 0.7160137924354899], [0.3653561151592647, 0.4496372466844908], [0.429190795594995, 0.5773389437431432], [0.42340061027725073, 0.566299414593378], [0.381679026232832, 0.4962896998986238]], "label_correctness_kmeans_3": [[1103, 3429], [1410, 3429], [1380, 3429], [1622, 3429], [1443, 3429], [1594, 3429], [1603, 3429], [1598, 3429], [1524, 3429], [1695, 3429], [800, 3429], [1250, 3429], [1115, 3429], [828, 3429], [1007, 3429]], "name": ["prob-0.01", "prob-0.02", "prob-0.03", "prob-0.04", "prob-0.05", "prob-0.06", "prob-0.07", "prob-0.08", "prob-0.09", "prob-0.1", "some-3-prob-0.1", "some-4-prob-0.1", "some-5-prob-0.1", "some-6-prob-0.1", "some-7-prob-0.1"]}