{"goodness_cluster_mocking": [0.8119047619047619, 0.8767857142857143, 0.8972222222222223, 0.8588594104308389, 0.8464512471655329, 0.8677811355311356, 0.8542195423623995, 0.8304222329957623, 0.9213188412116984, 0.9081045832474404, 0.5750177571028412, 0.7428571428571429, 0.9215477582846002, 0.8349694653299916, 0.8475566278959137], "name": ["prob-0.01", "prob-0.02", "prob-0.03", "prob-0.04", "prob-0.05", "prob-0.06", "prob-0.07", "prob-0.08", "prob-0.09", "prob-0.1", "some-3-prob-0.1", "some-4-prob-0.1", "some-5-prob-0.1", "some-6-prob-0.1", "some-7-prob-0.1"], "evaluation_kmeans_3": [[127, 210], [152, 210], [157, 210], [160, 210], [179, 210], [174, 210], [175, 210], [166, 210], [182, 210], [174, 210], [82, 210], [120, 210], [142, 210], [160, 210], [173, 210]], "label_correctness_kmeans_3": [[1331, 2100], [1518, 2100], [1610, 2100], [1623, 2100], [1751, 2100], [1732, 2100], [1740, 2100], [1648, 2100], [1804, 2100], [1749, 2100], [828, 2100], [1196, 2100], [1408, 2100], [1592, 2100], [1721, 2100]], "goodness_cluster_mocking_nested_ratio_complete": [[0.2280952380952381, 0.8119047619047619], [0.43761904761904763, 0.91], [0.4669047619047619, 0.9373809523809524], [0.5916666666666667, 0.9045238095238095], [0.6015578231292517, 0.925843537414966], [0.6631519274376417, 0.9155328798185941], [0.5952080498866213, 0.8975890022675737], [0.6393990929705216, 0.8793990929705215], [0.7503253968253968, 0.935563492063492], [0.7795238095238095, 0.9242857142857143], [0.47194616977225673, 0.5771842650103519], [0.5833333333333334, 0.7428571428571429], [0.6918968253968254, 0.9380873015873016], [0.7259554334554335, 0.863574481074481], [0.7164905174190889, 0.8855381364667078]], "goodness_cluster_mocking_nested_split_ward": [[0.2519047619047619, 0.8119047619047619], [0.40714285714285714, 0.910952380952381], [0.44333333333333336, 0.9133333333333333], [0.5947619047619047, 0.8828571428571429], [0.6057142857142858, 0.8766666666666667], [0.6761904761904762, 0.8795238095238095], [0.6457142857142857, 0.9238095238095239], [0.6680952380952381, 0.9238095238095239], [0.78, 0.9071428571428571], [0.8014285714285714, 0.9238095238095239], [0.4638095238095238, 0.56], [0.6019047619047619, 0.7428571428571429], [0.7209523809523809, 0.9323809523809524], [0.7209523809523809, 0.8671428571428571], [0.7338095238095238, 0.8919047619047619]]}