{"goodness_cluster_mocking_nested_split_average": [[0.6685456595264938, 0.8701240135287486], [0.655467869222097, 0.9228861330326945], [0.6611048478015783, 0.9264937993235626], [0.6085682074408117, 0.932130777903044], [0.6214205186020293, 0.9443066516347238], [0.6768883878241263, 0.9282976324689967], [0.5783540022547914, 0.8987598647125141], [0.588500563697858, 0.925140924464487], [0.5975197294250282, 0.9303269447576099], [0.6304396843291995, 0.9332581736189403], [0.35264937993235623, 0.7246899661781285], [0.77271702367531, 0.953325817361894], [0.45208568207440814, 0.8568207440811725], [0.6101465614430666, 0.9158962795941376]], "goodness_cluster_mocking_nested_split_single": [[0.7091319052987599, 0.8694475760992109], [0.6841037204058624, 0.95152198421646], [0.73032694475761, 0.9213077790304397], [0.6110484780157835, 0.926042841037204], [0.6527621195039459, 0.9337091319052988], [0.659075535512965, 0.9411499436302142], [0.5569334836527621, 0.9206313416009019], [0.5848928974069899, 0.9289740698985344], [0.5909808342728298, 0.933934611048478], [0.6299887260428411, 0.9393461104847801], [0.42074408117249157, 0.733934611048478], [0.7122886133032694, 0.9526493799323562], [0.42886133032694473, 0.8730552423900789], [0.5882750845546787, 0.9197294250281849]], "evaluation_kmeans_3": [[1460, 2000], [1607, 2000], [1613, 2000], [1616, 2000], [1626, 2000], [1621, 2000], [1582, 2000], [1626, 2000], [1623, 2000], [1627, 2000], [739, 2000], [1493, 2000], [1430, 2000], [1647, 2000]], "label_correctness_kmeans_3": [[3297, 4435], [3647, 4435], [3660, 4435], [3659, 4435], [3694, 4435], [3668, 4435], [3574, 4435], [3694, 4435], [3661, 4435], [3694, 4435], [1669, 4435], [3408, 4435], [3239, 4435], [3707, 4435]], "name": ["prob-0.01", "prob-0.02", "prob-0.03", "prob-0.04", "prob-0.05", "prob-0.06", "prob-0.07", "prob-0.08", "prob-0.09", "prob-0.1", "some-3-prob-0.1", "some-4-prob-0.1", "some-5-prob-0.1", "some-6-prob-0.1"], "goodness_cluster_mocking_nested_split_complete": [[0.5402480270574972, 0.8694475760992109], [0.5986471251409244, 0.9508455467869222], [0.6868094701240135, 0.9355129650507328], [0.6365276211950395, 0.9122886133032695], [0.6223224351747464, 0.9129650507328072], [0.6662908680947013, 0.9386696730552424], [0.6033821871476889, 0.9282976324689967], [0.6306651634723788, 0.8944757609921082], [0.6277339346110484, 0.8976324689966179], [0.6604284103720406, 0.9158962795941376], [0.3898534385569335, 0.723337091319053], [0.7643742953776775, 0.9352874859075535], [0.4874859075535513, 0.82728297632469], [0.6374295377677565, 0.9068771138669673]], "goodness_cluster_mocking_nested_split_ward": [[0.3614430665163472, 0.8574971815107103], [0.5373167981961668, 0.8737316798196166], [0.6919954904171364, 0.9138669673055242], [0.6879368658399098, 0.8892897406989854], [0.6879368658399098, 0.9023675310033822], [0.7670800450958286, 0.8976324689966179], [0.6983089064261556, 0.8910935738444193], [0.7682074408117249, 0.8937993235625704], [0.6671927846674183, 0.8852311161217588], [0.7285231116121759, 0.9021420518602029], [0.4342728297632469, 0.7098083427282976], [0.8259301014656144, 0.9461104847801578], [0.6372040586245772, 0.8004509582863585], [0.7165727170236753, 0.8511837655016911]]}