{"goodness_cluster_mocking_nested_ratio_average": [[0.6774495803582613, 0.7651609670549919], [0.7668867772588178, 0.8660976002576904], [0.7597724710464282, 0.8858153120836323], [0.7651524266394022, 0.8700002282177562], [0.8140813341253389, 0.9171253025582589], [0.7705986082933292, 0.8578590367037012], [0.8111180050045792, 0.8945452879809039], [0.8061967456707572, 0.8760952800563265], [0.7692972930601245, 0.8491169097455811], [0.8096497542290553, 0.8682743314556618], [0.4895896962864269, 0.5644487718219399], [0.8473746512460856, 0.9680059928469874], [0.7233372958726012, 0.7806089982401322], [0.7791295018958516, 0.832342579686156]], "evaluation_kmeans_3": [[1403, 2000], [1626, 2000], [1553, 2000], [1620, 2000], [1644, 2000], [1638, 2000], [1644, 2000], [1644, 2000], [1638, 2000], [1644, 2000], [742, 2000], [1494, 2000], [1430, 2000], [1645, 2000]], "goodness_cluster_mocking_nested_ratio_complete": [[0.49683201803833144, 0.778455467869222], [0.6569259676813228, 0.8686508831266442], [0.7196945294465024, 0.9025581145648789], [0.7199559365850233, 0.8689976502265115], [0.7817053202340689, 0.9091010361303484], [0.7764080609093367, 0.8717857384741619], [0.7843463082735023, 0.8822042564132994], [0.8110501555344172, 0.8579498173157024], [0.7861865867794021, 0.8486443094400561], [0.8159883093735536, 0.8613096171525841], [0.47639446071738506, 0.5733504922844652], [0.8690380461600771, 0.9662195568703363], [0.7146672355176226, 0.7694586673101818], [0.7833197598977648, 0.827513671960899]], "goodness_cluster_mocking_nested_ratio_single": [[0.7383862135609599, 0.779874375905943], [0.7845088395257505, 0.8704163930770469], [0.829030325805974, 0.8917135276098072], [0.8037964646164967, 0.8727930824293489], [0.8534470774486944, 0.9161302792525275], [0.8114964964348357, 0.87079751109098], [0.8375019478497852, 0.896352004219571], [0.8154916825512013, 0.8696066769142228], [0.7788037122541702, 0.853437308646504], [0.8165264358956272, 0.8798860751289982], [0.48593259432668, 0.5772516473142787], [0.8489122293035967, 0.9720238414794705], [0.7244090335917317, 0.7850629231069516], [0.7897039702896821, 0.8440444437958828]], "goodness_cluster_mocking_nested_ratio_ward": [[0.4229425028184893, 0.8035512965050733], [0.6224051108605787, 0.8929800826756858], [0.7692999409459387, 0.902558114564879], [0.7617347577888729, 0.857112435353698], [0.747140172867343, 0.8991131153701616], [0.7838276792730007, 0.8654511291038912], [0.7658555345885407, 0.8686740238782813], [0.8107505161460992, 0.8468271790547801], [0.7911785471199225, 0.8403330003330004], [0.8309951604201885, 0.862111282178926], [0.49937918568805584, 0.5771694900848992], [0.875298096690762, 0.9639113999602095], [0.7248646967242364, 0.7577846516284078], [0.7909515706834565, 0.8148523598604576]], "label_correctness_kmeans_3": [[3169, 4435], [3707, 4435], [3545, 4435], [3669, 4435], [3730, 4435], [3707, 4435], [3730, 4435], [3730, 4435], [3709, 4435], [3732, 4435], [1665, 4435], [3423, 4435], [3272, 4435], [3735, 4435]], "name": ["prob-0.01", "prob-0.02", "prob-0.03", "prob-0.04", "prob-0.05", "prob-0.06", "prob-0.07", "prob-0.08", "prob-0.09", "prob-0.1", "some-3-prob-0.1", "some-4-prob-0.1", "some-5-prob-0.1", "some-6-prob-0.1"]}