{"goodness_cluster_mocking_nested_ratio_average": [[0.6127374886620279, 0.6698626050854989], [0.7046983338507709, 0.7531304977750181], [0.7338718665170079, 0.7909969829404788], [0.7686341680442892, 0.8117884679511504], [0.7491512056850306, 0.7941682811274398], [0.7919113811563034, 0.8232681026713609], [0.7783263394717678, 0.8059575099157293], [0.7762039773443941, 0.8041456103776136], [0.7530446372420915, 0.7747770184901511], [0.747025689423502, 0.7737254720996894], [0.9748525302701024, 1.0], [0.7550731413335281, 0.7780473729386197]], "evaluation_kmeans_3": [[934, 1380], [1106, 1380], [1098, 1380], [1094, 1380], [1091, 1380], [1091, 1380], [1091, 1380], [1103, 1380], [1051, 1380], [1094, 1380], [824, 1380], [1102, 1380]], "goodness_cluster_mocking_nested_ratio_complete": [[0.5307357963365414, 0.668270723377833], [0.6381558522198075, 0.7474386836386215], [0.6857415351904641, 0.8086847205366299], [0.7036769380214054, 0.8340712255097631], [0.7119986653677197, 0.8097943809839879], [0.758186692830437, 0.8367337279127096], [0.7385691778451042, 0.807491872660379], [0.7453084463666955, 0.8117474404679063], [0.718525543600645, 0.7877587010051778], [0.741825940707636, 0.7846697780252392], [0.9276622167028873, 1.0], [0.7392281835224765, 0.7873498848574657]], "goodness_cluster_mocking_nested_ratio_single": [[0.641044371800257, 0.6475640861746749], [0.7507364269239464, 0.7588084542446543], [0.7549006236263032, 0.7657668142503329], [0.7934946103604905, 0.8003247873241665], [0.7855296052210324, 0.7945330203095143], [0.8155353636162146, 0.8242283161154385], [0.8069035590302277, 0.8121814230476136], [0.792488638685472, 0.8033548293095019], [0.7632561160999528, 0.7707072182421446], [0.7676953327124082, 0.7751464348546001], [0.9900651971437442, 1.0], [0.7636845945000724, 0.7729984721778123]], "goodness_cluster_mocking_nested_ratio_ward": [[0.5883624292503523, 0.659768824779691], [0.702624034353311, 0.7386376947072384], [0.7241511259852605, 0.7738251402665396], [0.7690885347085158, 0.813484684972409], [0.7586399862168256, 0.8098663134443947], [0.7931515614763379, 0.8322698477228452], [0.7786085134982993, 0.794442105550457], [0.7860005042050519, 0.7984190077753717], [0.7810722318390843, 0.7872814836242442], [0.7631655528511057, 0.7734108182966194], [0.9636758770568147, 1.0], [0.7622341382863365, 0.7724794037318503]], "label_correctness_kmeans_3": [[2188, 3221], [2514, 3221], [2486, 3221], [2496, 3221], [2539, 3221], [2539, 3221], [2539, 3221], [2557, 3221], [2429, 3221], [2481, 3221], [1964, 3221], [2509, 3221]], "name": ["prob-0.01", "prob-0.02", "prob-0.03", "prob-0.04", "prob-0.05", "prob-0.06", "prob-0.07", "prob-0.08", "prob-0.09", "prob-0.1", "some-1-prob-0.1", "some-2-prob-0.1"]}