{"evaluation_kmeans_3": [[293, 411], [332, 411], [332, 411], [332, 411], [317, 411], [343, 411], [343, 411], [343, 411], [332, 411], [332, 411], [188, 411], [325, 411]], "name": ["prob-0.01", "prob-0.02", "prob-0.03", "prob-0.04", "prob-0.05", "prob-0.06", "prob-0.07", "prob-0.08", "prob-0.09", "prob-0.1", "some-1-prob-0.1", "some-2-prob-0.1"], "label_correctness_kmeans_3": [[654, 961], [763, 961], [763, 961], [763, 961], [709, 961], [784, 961], [784, 961], [784, 961], [763, 961], [763, 961], [417, 961], [772, 961]], "goodness_cluster_mocking_nested_split_average": [[0.26326742976066597, 0.7929240374609782], [0.30801248699271594, 0.9042663891779397], [0.5941727367325702, 0.9562955254942768], [0.5691987513007284, 0.8876170655567117], [0.5754422476586889, 0.841831425598335], [0.7138397502601457, 0.8938605619146722], [0.745057232049948, 0.8574401664932362], [0.7669094693028096, 0.9053069719042663], [0.663891779396462, 0.8605619146722164], [0.7096774193548387, 0.8470343392299687], [0.43704474505723206, 0.7793964620187305], [0.7304890738813735, 0.8782518210197711]], "goodness_cluster_mocking_nested_split_ward": [[0.25390218522372526, 0.7929240374609782], [0.34547346514047866, 0.8876170655567117], [0.6888657648283039, 0.9562955254942768], [0.6805411030176899, 0.8709677419354839], [0.6378772112382934, 0.7918834547346514], [0.7679500520291364, 0.8709677419354839], [0.7950052029136316, 0.854318418314256], [0.7648283038501561, 0.8324661810613944], [0.7866805411030177, 0.8678459937565036], [0.7513007284079084, 0.8480749219562955], [0.449531737773153, 0.7793964620187305], [0.7710718002081165, 0.8688865764828304]], "goodness_cluster_mocking_nested_split_single": [[0.3995837669094693, 0.8033298647242456], [0.4755463059313215, 0.8938605619146722], [0.6264308012486993, 0.927159209157128], [0.6805411030176899, 0.8751300728407908], [0.6097814776274714, 0.8470343392299687], [0.663891779396462, 0.9105098855359001], [0.7585848074921956, 0.882414151925078], [0.7866805411030177, 0.9302809573361083], [0.6628511966701353, 0.8303850156087409], [0.7211238293444329, 0.8303850156087409], [0.441207075962539, 0.7793964620187305], [0.745057232049948, 0.8782518210197711]], "goodness_cluster_mocking_nested_split_complete": [[0.2643080124869927, 0.7929240374609782], [0.38605619146722164, 0.890738813735692], [0.6337148803329865, 0.959417273673257], [0.6753381893860562, 0.8844953173777316], [0.6711758584807492, 0.8470343392299687], [0.7304890738813735, 0.8855359001040582], [0.7440166493236212, 0.8668054110301769], [0.7502601456815817, 0.9042663891779397], [0.7825182101977107, 0.8709677419354839], [0.7845993756503642, 0.8709677419354839], [0.45681581685744016, 0.7793964620187305], [0.7804370447450573, 0.8626430801248699]]}