{"goodness_cluster_mocking": [0.8392546475792823, 0.9125637903038739, 0.9788187195546276, 0.9607254697286013, 0.9826026443980516, 0.9679077287091268, 0.9743072241698508, 0.9698334028903282, 0.9519209191855603, 0.965129281274571, 0.9859081419624217, 0.9508600344921485, 0.762784977915184, 0.7727870796162981], "name": ["prob-0.01", "prob-0.02", "prob-0.03", "prob-0.04", "prob-0.05", "prob-0.06", "prob-0.07", "prob-0.08", "prob-0.09", "prob-0.1", "some-2-prob-0.1", "some-3-prob-0.1", "some-4-prob-0.1", "some-5-prob-0.1"], "evaluation_kmeans_3": [[1391, 1641], [1462, 1641], [1569, 1641], [1554, 1641], [1554, 1641], [1569, 1641], [1569, 1641], [1569, 1641], [1561, 1641], [1544, 1641], [1508, 1641], [1487, 1641], [1353, 1641], [1382, 1641]], "label_correctness_kmeans_3": [[3269, 3832], [3448, 3832], [3664, 3832], [3629, 3832], [3635, 3832], [3663, 3832], [3671, 3832], [3671, 3832], [3658, 3832], [3592, 3832], [3492, 3832], [3472, 3832], [3231, 3832], [3303, 3832]], "goodness_cluster_mocking_nested_ratio_complete": [[0.6926322199025747, 0.8570372303409881], [0.8011482254697286, 0.9532881002087683], [0.8702700939457203, 0.9793515135699373], [0.8694937369519833, 0.9629175365344468], [0.9005741127348643, 0.9817327766179541], [0.9177974947807933, 0.9793841336116911], [0.9220847002684164, 0.9810617357590218], [0.9291585893229943, 0.9716951237697584], [0.9390802598005104, 0.9724831825562514], [0.9194502435629783, 0.9719032707028531], [0.8903966597077244, 0.9859081419624217], [0.8619519832985386, 0.9509394572025052], [0.8335116562282533, 0.9037099860821155], [0.8324666696399019, 0.8763080057568121]], "goodness_cluster_mocking_nested_split_ward": [[0.5242693110647182, 0.8632567849686847], [0.712160751565762, 0.9459812108559499], [0.7946242171189979, 0.9879958246346555], [0.8901356993736952, 0.9812108559498957], [0.9243215031315241, 0.9817327766179541], [0.9347599164926931, 0.9710334029227558], [0.9201461377870563, 0.9796450939457203], [0.9480688935281837, 0.9739039665970772], [0.9295407098121086, 0.9658141962421712], [0.9177974947807933, 0.9611169102296451], [0.8859603340292276, 0.9859081419624217], [0.8058455114822547, 0.949634655532359], [0.7771398747390397, 0.8924843423799582], [0.8131524008350731, 0.8645615866388309]]}