{"goodness_cluster_mocking": [0.10833333333333334, 0.275, 0.35, 0.475, 0.5333333333333333, 0.5833333333333334, 0.49166666666666664, 0.6833333333333333, 0.6666666666666666, 0.7208333333333333, 0.325, 0.55, 0.875], "name": ["prob-0.01", "prob-0.02", "prob-0.03", "prob-0.04", "prob-0.05", "prob-0.06", "prob-0.07", "prob-0.08", "prob-0.09", "prob-0.1", "some-1-prob-0.1", "some-2-prob-0.1", "some-3-prob-0.1"], "evaluation_kmeans_3": [[3, 30], [5, 30], [9, 30], [9, 30], [18, 30], [18, 30], [12, 30], [19, 30], [18, 30], [18, 30], [10, 30], [18, 30], [19, 30]], "label_correctness_kmeans_3": [[13, 120], [32, 120], [42, 120], [56, 120], [63, 120], [68, 120], [55, 120], [64, 120], [61, 120], [95, 120], [37, 120], [65, 120], [93, 120]], "goodness_cluster_mocking_nested_ratio_complete": [[0.03333333333333333, 0.10833333333333334], [0.058333333333333334, 0.275], [0.075, 0.35], [0.125, 0.475], [0.16666666666666666, 0.5333333333333333], [0.25, 0.5833333333333334], [0.21666666666666667, 0.49166666666666664], [0.3, 0.6833333333333333], [0.2, 0.6666666666666666], [0.2916666666666667, 0.75], [0.24166666666666667, 0.325], [0.31666666666666665, 0.55], [0.31666666666666665, 0.875]], "goodness_cluster_mocking_nested_split_ward": [[0.03333333333333333, 0.10833333333333334], [0.075, 0.275], [0.15833333333333333, 0.35], [0.10833333333333334, 0.475], [0.23333333333333334, 0.5333333333333333], [0.2916666666666667, 0.5833333333333334], [0.125, 0.49166666666666664], [0.39166666666666666, 0.6833333333333333], [0.2, 0.6666666666666666], [0.2916666666666667, 0.7583333333333333], [0.24166666666666667, 0.325], [0.3333333333333333, 0.55], [0.31666666666666665, 0.875]]}