{"goodness_cluster_mocking": [0.33638113570741096, 0.465832531280077, 0.4294193134424126, 0.5818094321462945, 0.5609560474815527, 0.6839681011962051, 0.760474815527751, 0.7049260652725523, 0.6952518447224896, 0.5933017095192263, 0.6975130921625528, 0.7208132820019248, 0.5654628229219182, 0.6872756160532869, 0.6821928899888478, 0.5135867821623354], "name": ["prob-0.01", "prob-0.02", "prob-0.03", "prob-0.04", "prob-0.05", "prob-0.06", "prob-0.07", "prob-0.08", "prob-0.09", "prob-0.1", "some-5-prob-0.1", "some-6-prob-0.1", "some-7-prob-0.1", "some-8-prob-0.1", "some-9-prob-0.1", "some-10-prob-0.1"], "evaluation_kmeans_3": [[52, 445], [94, 445], [150, 445], [180, 445], [145, 445], [214, 445], [246, 445], [222, 445], [240, 445], [194, 445], [166, 445], [211, 445], [135, 445], [168, 445], [126, 445], [159, 445]], "label_correctness_kmeans_3": [[165, 1039], [207, 1039], [283, 1039], [357, 1039], [296, 1039], [480, 1039], [505, 1039], [519, 1039], [504, 1039], [432, 1039], [362, 1039], [429, 1039], [314, 1039], [369, 1039], [305, 1039], [341, 1039]], "goodness_cluster_mocking_nested_ratio_complete": [[0.09239653512993262, 0.3503368623676612], [0.17035611164581327, 0.5409047160731473], [0.20500481231953802, 0.4966313763233879], [0.30157202438241903, 0.6249598973371833], [0.2742701315367341, 0.6467436637792748], [0.2659608598010908, 0.7905036894449791], [0.4457811998716714, 0.842316329804299], [0.41639396855951233, 0.8138915623997433], [0.459897337183189, 0.8275585498877125], [0.37144690407443054, 0.7150465190888674], [0.3893921379909038, 0.8051765460756005], [0.3514597369265319, 0.8115174847609882], [0.27520051331408407, 0.6495989733718319], [0.3186786745497044, 0.7633369998625051], [0.251354324212842, 0.7576103396122645], [0.270154452541363, 0.6695769741968011]], "goodness_cluster_mocking_nested_split_ward": [[0.0712223291626564, 0.3503368623676612], [0.1809432146294514, 0.563041385948027], [0.19345524542829645, 0.5274302213666987], [0.2579403272377286, 0.6573628488931665], [0.3070259865255053, 0.6717998075072185], [0.2993262752646776, 0.8132820019249278], [0.3666987487969201, 0.8315688161693936], [0.40038498556304136, 0.7940327237728585], [0.3734359961501444, 0.8517805582290664], [0.32435033686236764, 0.7218479307025987], [0.33782483156881615, 0.7872954764196343], [0.3532242540904716, 0.8171318575553417], [0.29162656400384984, 0.6564003849855631], [0.27526467757459094, 0.8007699711260827], [0.2358036573628489, 0.8257940327237728], [0.30798845043310874, 0.6948989412897016]]}