{"goodness_cluster_mocking": [0.5751541224996674, 0.791767262633088, 0.8051195955887316, 0.8105363015738171, 0.7916400073791108, 0.8114456932472208, 0.7871166492619459, 0.7869488310692175, 0.7557430488331276, 0.7973443391688068, 1.0, 0.7840540268792761], "name": ["prob-0.01", "prob-0.02", "prob-0.03", "prob-0.04", "prob-0.05", "prob-0.06", "prob-0.07", "prob-0.08", "prob-0.09", "prob-0.1", "some-1-prob-0.1", "some-2-prob-0.1"], "evaluation_kmeans_3": [[664, 1380], [1106, 1380], [1098, 1380], [1094, 1380], [1066, 1380], [1066, 1380], [1078, 1380], [1078, 1380], [1057, 1380], [1057, 1380], [824, 1380], [1065, 1380]], "label_correctness_kmeans_3": [[1625, 3221], [2581, 3221], [2553, 3221], [2563, 3221], [2479, 3221], [2479, 3221], [2499, 3221], [2499, 3221], [2450, 3221], [2450, 3221], [1964, 3221], [2478, 3221]], "goodness_cluster_mocking_nested_ratio_complete": [[0.4547202254436033, 0.6257851121247582], [0.6493335710941569, 0.7933882125098664], [0.7291377310086766, 0.8284857595712348], [0.7301320456842397, 0.825754523175702], [0.7074334483871165, 0.8036768510570947], [0.7435639774259318, 0.8174540736693344], [0.7285651518339926, 0.7869321186144956], [0.7383611965667228, 0.7973490885257417], [0.7078937727390293, 0.7702967531798862], [0.7571492291587326, 0.7956465902267239], [0.9326296181310152, 1.0], [0.7563775905852151, 0.7979795775457864]], "goodness_cluster_mocking_nested_split_ward": [[0.41415709407016454, 0.8103073579633654], [0.4327848494256442, 0.9068612232226017], [0.29214529649177273, 0.9627444892890407], [0.3433716237193418, 0.9667805029493945], [0.3601366035392735, 0.9199006519714374], [0.41539894442719655, 0.9049984476870537], [0.4101210804098106, 0.9245575908103073], [0.3952188761254269, 0.9285936044706613], [0.3750388078236572, 0.8475628686743247], [0.4228500465693884, 0.9025147469729897], [0.8990996584911518, 1.0], [0.4731449860291835, 0.9155541757218255]]}