{"goodness_cluster_mocking_nested_split_average": [[0.3572470107903179, 0.7623213764946049], [0.30825313502478857, 0.8174394867308253], [0.26100904053659957, 0.7567804024496938], [0.236803732866725, 0.8673082531350248], [0.2747156605424322, 0.8104403616214639], [0.24555263925342666, 0.8334791484397783], [0.23651210265383493, 0.8646835812190143], [0.19014289880431612, 0.8454359871682706], [0.2058909303003791, 0.8363954505686789], [0.23009623797025372, 0.8299795858850977], [0.3776611256926218, 0.868474773986585], [0.1446485855934675, 0.8040244969378828], [0.1551472732575095, 0.8121901428988043], [0.1542723826188393, 0.8101487314085739], [0.15485564304461943, 0.7626130067074949]], "goodness_cluster_mocking_nested_split_single": [[0.2668416447944007, 0.8431029454651502], [0.1752697579469233, 0.8953047535724701], [0.15835520559930008, 0.8597258675998833], [0.13764946048410615, 0.8990959463400409], [0.15164771070282881, 0.9084281131525226], [0.15193934091571887, 0.9066783318751823], [0.1280256634587343, 0.9084281131525226], [0.11227763196267133, 0.8859725867599884], [0.12365121026538349, 0.8850976961213182], [0.14698162729658792, 0.8862642169728784], [0.27442403032954216, 0.8953047535724701], [0.08865558471857685, 0.8754738990959463], [0.09244677748614756, 0.9034703995333917], [0.12044327792359288, 0.8655584718576844], [0.11927675707203267, 0.8340624088655585]], "evaluation_kmeans_3": [[499, 1469], [608, 1469], [564, 1469], [663, 1469], [642, 1469], [658, 1469], [676, 1469], [675, 1469], [680, 1469], [732, 1469], [337, 1469], [445, 1469], [483, 1469], [267, 1469], [482, 1469]], "label_correctness_kmeans_3": [[1211, 3429], [1425, 3429], [1321, 3429], [1613, 3429], [1474, 3429], [1526, 3429], [1607, 3429], [1635, 3429], [1652, 3429], [1740, 3429], [797, 3429], [1105, 3429], [1122, 3429], [695, 3429], [1156, 3429]], "name": ["prob-0.01", "prob-0.02", "prob-0.03", "prob-0.04", "prob-0.05", "prob-0.06", "prob-0.07", "prob-0.08", "prob-0.09", "prob-0.1", "some-3-prob-0.1", "some-4-prob-0.1", "some-5-prob-0.1", "some-6-prob-0.1", "some-7-prob-0.1"], "goodness_cluster_mocking_nested_split_complete": [[0.2758821813939924, 0.8098571011956839], [0.3677456984543599, 0.7795275590551181], [0.3584135316418781, 0.7063283756197142], [0.32720909886264216, 0.8101487314085739], [0.31962671332750076, 0.7865266841644795], [0.3785360163312919, 0.7626130067074949], [0.3552055993000875, 0.752989209682123], [0.2674249052201808, 0.7879848352289297], [0.26130067074948965, 0.8148148148148148], [0.27209098862642167, 0.8019830854476524], [0.4249052201808107, 0.8331875182268883], [0.21084864391951005, 0.7658209390492855], [0.25984251968503935, 0.7853601633129192], [0.2058909303003791, 0.726450860309128], [0.24059492563429571, 0.6730825313502479]], "goodness_cluster_mocking_nested_split_ward": [[0.23067949839603383, 0.8445610965296004], [0.2799650043744532, 0.8253135024788568], [0.3321668124817731, 0.7424905220180811], [0.38495188101487315, 0.7678623505395159], [0.3519976669582969, 0.7284922717993584], [0.3884514435695538, 0.7063283756197142], [0.45027704870224555, 0.7127442403032954], [0.34995625546806647, 0.7086614173228346], [0.3327500729075532, 0.7188684747739866], [0.38611840186643337, 0.7462817147856518], [0.47506561679790027, 0.8057742782152231], [0.2572178477690289, 0.6771653543307087], [0.2995042286380869, 0.6818314377369495], [0.2992125984251969, 0.6605424321959755], [0.30650335374744825, 0.6127150772820065]]}