{"goodness_cluster_mocking_nested_split_average": [[0.8115866388308977, 0.9024008350730689], [0.8241127348643006, 0.9282359081419624], [0.9227557411273486, 0.9877348643006263], [0.8919624217118998, 0.9592901878914405], [0.918580375782881, 0.9882567849686847], [0.9290187891440501, 0.9746868475991649], [0.9308455114822547, 0.9830375782881002], [0.9198851774530271, 0.9684237995824635], [0.9321503131524008, 0.9660751565762005], [0.9331941544885177, 0.9762526096033403], [0.9261482254697286, 0.9846033402922756], [0.869258872651357, 0.975991649269311], [0.846294363256785, 0.8870041753653445], [0.930062630480167, 0.9681628392484343]], "goodness_cluster_mocking_nested_split_single": [[0.8776096033402923, 0.9024008350730689], [0.8932672233820459, 0.9295407098121086], [0.9483298538622129, 0.9877348643006263], [0.9115344467640919, 0.9590292275574113], [0.9381524008350731, 0.9882567849686847], [0.9428496868475992, 0.9752087682672234], [0.9394572025052192, 0.9814718162839249], [0.9420668058455115, 0.9692066805845512], [0.9394572025052192, 0.9663361169102297], [0.9438935281837161, 0.9754697286012526], [0.9131002087682673, 0.9846033402922756], [0.8974425887265136, 0.975991649269311], [0.8434237995824635, 0.8825678496868476], [0.9574634655532359, 0.9676409185803758]], "evaluation_kmeans_3": [[1461, 1641], [1470, 1641], [1563, 1641], [1534, 1641], [1561, 1641], [1565, 1641], [1574, 1641], [1570, 1641], [1567, 1641], [1558, 1641], [1508, 1641], [1487, 1641], [1380, 1641], [1576, 1641]], "label_correctness_kmeans_3": [[3397, 3832], [3455, 3832], [3658, 3832], [3559, 3832], [3649, 3832], [3665, 3832], [3687, 3832], [3671, 3832], [3657, 3832], [3654, 3832], [3492, 3832], [3461, 3832], [3266, 3832], [3686, 3832]], "name": ["prob-0.01", "prob-0.02", "prob-0.03", "prob-0.04", "prob-0.05", "prob-0.06", "prob-0.07", "prob-0.08", "prob-0.09", "prob-0.1", "some-2-prob-0.1", "some-3-prob-0.1", "some-4-prob-0.1", "some-5-prob-0.1"], "goodness_cluster_mocking_nested_split_complete": [[0.7267745302713987, 0.9021398747390397], [0.7716597077244259, 0.9470250521920668], [0.9005741127348643, 0.9874739039665971], [0.8731732776617954, 0.9595511482254697], [0.9188413361169102, 0.988517745302714], [0.9222338204592901, 0.971294363256785], [0.927713987473904, 0.9812108559498957], [0.9384133611691023, 0.9705114822546973], [0.9295407098121086, 0.9595511482254697], [0.93580375782881, 0.9697286012526096], [0.9402400835073069, 0.9846033402922756], [0.8856993736951984, 0.9702505219206681], [0.8392484342379958, 0.9159707724425887], [0.9389352818371608, 0.9629436325678496]], "goodness_cluster_mocking_nested_split_ward": [[0.5968162839248434, 0.8987473903966597], [0.7625260960334029, 0.9512004175365344], [0.8825678496868476, 0.9861691022964509], [0.9047494780793319, 0.9574634655532359], [0.9269311064718163, 0.9882567849686847], [0.9133611691022965, 0.9741649269311065], [0.9381524008350731, 0.9806889352818372], [0.9347599164926931, 0.9671189979123174], [0.9303235908141962, 0.9561586638830898], [0.9363256784968684, 0.9723382045929019], [0.9091858037578288, 0.9846033402922756], [0.8598643006263048, 0.9671189979123174], [0.7593945720250522, 0.8870041753653445], [0.8629958246346555, 0.9585073068893528]]}