{"goodness_cluster_mocking": [0.4799107142857143, 0.52375, 0.7999107142857143, 0.8386692176870749, 0.6847293083900227, 0.6948214285714286, 0.6046577380952382, 0.6809943181818182, 0.6075839710884354, 0.6238515502354788, 0.663673469387755, 0.7141808390022676, 0.5509566326530612, 0.5270703849721706], "name": ["prob-0.01", "prob-0.02", "prob-0.03", "prob-0.04", "prob-0.05", "prob-0.06", "prob-0.07", "prob-0.08", "prob-0.09", "prob-0.1", "some-3-prob-0.1", "some-4-prob-0.1", "some-5-prob-0.1", "some-6-prob-0.1"], "evaluation_kmeans_3": [[123, 479], [183, 479], [218, 479], [244, 479], [246, 479], [246, 479], [199, 479], [235, 479], [244, 479], [249, 479], [152, 479], [177, 479], [168, 479], [161, 479]], "label_correctness_kmeans_3": [[261, 1120], [414, 1120], [483, 1120], [573, 1120], [569, 1120], [591, 1120], [498, 1120], [533, 1120], [563, 1120], [570, 1120], [398, 1120], [447, 1120], [344, 1120], [388, 1120]], "goodness_cluster_mocking_nested_ratio_complete": [[0.24464285714285713, 0.5008928571428571], [0.2837797619047619, 0.6069940476190475], [0.34747023809523814, 0.8456845238095237], [0.4752678571428571, 0.9163392857142857], [0.40535714285714286, 0.7732142857142857], [0.4669642857142857, 0.8169642857142857], [0.44226190476190474, 0.7422619047619048], [0.475859906462585, 0.757109906462585], [0.45425595238095234, 0.7488988095238096], [0.5079464285714286, 0.6999107142857143], [0.44542942176870753, 0.7195365646258504], [0.5232886904761905, 0.800967261904762], [0.3185267857142857, 0.6622767857142857], [0.30639880952380955, 0.6242559523809523]], "goodness_cluster_mocking_nested_split_ward": [[0.15714285714285714, 0.5044642857142857], [0.15267857142857144, 0.6169642857142857], [0.2714285714285714, 0.8767857142857143], [0.3875, 0.9241071428571429], [0.33214285714285713, 0.7973214285714286], [0.34375, 0.8035714285714286], [0.3366071428571429, 0.7767857142857143], [0.34017857142857144, 0.85], [0.3848214285714286, 0.7348214285714286], [0.425, 0.7678571428571429], [0.39107142857142857, 0.8133928571428571], [0.425, 0.8169642857142857], [0.27053571428571427, 0.7107142857142857], [0.2767857142857143, 0.6982142857142857]]}