{"goodness_cluster_mocking_nested_ratio_average": [[0.19107142857142856, 0.41517857142857145], [0.39315476190476195, 0.6592261904761904], [0.48080357142857144, 0.8191964285714286], [0.5825297619047619, 0.8593154761904762], [0.464448051948052, 0.726948051948052], [0.45928571428571424, 0.7458928571428571], [0.46611607142857137, 0.6679017857142857], [0.5160190999476714, 0.7356619570905286], [0.44083333333333335, 0.6595833333333333], [0.46482886904761905, 0.7076860119047619], [0.4990880102040817, 0.7678380102040816], [0.47553784013605443, 0.7675021258503403], [0.4055994897959183, 0.6127423469387754], [0.4374022108843537, 0.5981164965986394]], "evaluation_kmeans_3": [[87, 479], [156, 479], [208, 479], [254, 479], [234, 479], [226, 479], [214, 479], [228, 479], [249, 479], [249, 479], [141, 479], [183, 479], [182, 479], [164, 479]], "goodness_cluster_mocking_nested_ratio_complete": [[0.18660714285714286, 0.3892857142857143], [0.2501488095238095, 0.6688988095238096], [0.4019345238095238, 0.8037202380952381], [0.5077380952380952, 0.9032738095238095], [0.31221590909090907, 0.7648944805194806], [0.37281037414965984, 0.836203231292517], [0.39248511904761907, 0.7335565476190476], [0.4184787087912088, 0.7622287087912089], [0.4099702380952381, 0.6697916666666667], [0.45414965986394557, 0.6862925170068027], [0.3941815476190476, 0.7495386904761905], [0.4211309523809524, 0.7791666666666667], [0.27697916666666667, 0.6635863095238095], [0.3115922619047619, 0.5901636904761904]], "goodness_cluster_mocking_nested_ratio_single": [[0.13586309523809523, 0.41175595238095236], [0.07589285714285714, 0.6973214285714285], [0.221875, 0.8808035714285715], [0.29434523809523805, 0.9505952380952379], [0.2799242424242424, 0.8058170995670996], [0.3101934523809524, 0.8851934523809525], [0.28017644557823135, 0.828390731292517], [0.31221382783882784, 0.8541781135531136], [0.24933035714285715, 0.8725446428571428], [0.25269982993197276, 0.87234268707483], [0.20550513474620621, 0.8456837061747776], [0.2446045918367347, 0.9062117346938776], [0.21660714285714286, 0.9148214285714285], [0.18014880952380952, 0.8274702380952381]], "goodness_cluster_mocking_nested_ratio_ward": [[0.15714285714285714, 0.43125], [0.28348214285714285, 0.665625], [0.33601190476190473, 0.8029761904761905], [0.4589923469387755, 0.8723852040816327], [0.28720238095238093, 0.7738095238095237], [0.41220238095238093, 0.825595238095238], [0.3796130952380952, 0.7385416666666668], [0.4694196428571429, 0.7801339285714285], [0.41608205782312924, 0.7035820578231292], [0.43684523809523806, 0.7082738095238096], [0.4660714285714286, 0.7455357142857143], [0.47767857142857145, 0.7955357142857142], [0.27901785714285715, 0.6504464285714286], [0.3282589285714286, 0.6032589285714286]], "label_correctness_kmeans_3": [[193, 1120], [374, 1120], [462, 1120], [582, 1120], [540, 1120], [510, 1120], [490, 1120], [502, 1120], [556, 1120], [577, 1120], [355, 1120], [461, 1120], [368, 1120], [413, 1120]], "name": ["prob-0.01", "prob-0.02", "prob-0.03", "prob-0.04", "prob-0.05", "prob-0.06", "prob-0.07", "prob-0.08", "prob-0.09", "prob-0.1", "some-3-prob-0.1", "some-4-prob-0.1", "some-5-prob-0.1", "some-6-prob-0.1"]}