{"evaluation_kmeans_3": [[3, 30], [5, 30], [8, 30], [9, 30], [14, 30], [18, 30], [12, 30], [19, 30], [17, 30], [26, 30], [11, 30], [18, 30], [16, 30]], "goodness_cluster_mocking": [0.10833333333333334, 0.275, 0.35, 0.45, 0.5583333333333333, 0.6166666666666667, 0.4583333333333333, 0.65, 0.6833333333333333, 0.9416666666666667, 0.44166666666666665, 0.5833333333333334, 0.6916666666666667], "name": ["prob-0.01", "prob-0.02", "prob-0.03", "prob-0.04", "prob-0.05", "prob-0.06", "prob-0.07", "prob-0.08", "prob-0.09", "prob-0.1", "some-1-prob-0.1", "some-2-prob-0.1", "some-3-prob-0.1"], "goodness_cluster_mocking_nested_ratio": [[0.03333333333333333, 0.10833333333333334], [0.075, 0.275], [0.2, 0.35], [0.10833333333333334, 0.45], [0.25833333333333336, 0.5583333333333333], [0.325, 0.6166666666666667], [0.125, 0.4583333333333333], [0.325, 0.65], [0.21666666666666667, 0.6833333333333333], [0.35833333333333334, 0.9416666666666667], [0.26666666666666666, 0.44166666666666665], [0.325, 0.5833333333333334], [0.3, 0.6916666666666667]], "goodness_cluster_mocking_nested_split_ward": [[0.03333333333333333, 0.10833333333333334], [0.075, 0.275], [0.2, 0.35], [0.10833333333333334, 0.45], [0.25833333333333336, 0.5583333333333333], [0.325, 0.6166666666666667], [0.125, 0.4583333333333333], [0.325, 0.65], [0.21666666666666667, 0.6833333333333333], [0.35833333333333334, 0.9416666666666667], [0.26666666666666666, 0.44166666666666665], [0.325, 0.5833333333333334], [0.3, 0.6916666666666667]], "label_correctness_kmeans_3": [[13, 120], [32, 120], [41, 120], [53, 120], [65, 120], [72, 120], [51, 120], [60, 120], [67, 120], [98, 120], [38, 120], [69, 120], [74, 120]]}