{"evaluation_kmeans_3": [[133, 210], [136, 210], [162, 210], [175, 210], [164, 210], [176, 210], [176, 210], [176, 210], [174, 210], [172, 210], [87, 210], [110, 210], [131, 210], [164, 210], [183, 210]], "name": ["prob-0.01", "prob-0.02", "prob-0.03", "prob-0.04", "prob-0.05", "prob-0.06", "prob-0.07", "prob-0.08", "prob-0.09", "prob-0.1", "some-3-prob-0.1", "some-4-prob-0.1", "some-5-prob-0.1", "some-6-prob-0.1", "some-7-prob-0.1"], "label_correctness_kmeans_3": [[1395, 2100], [1375, 2100], [1586, 2100], [1748, 2100], [1655, 2100], [1765, 2100], [1765, 2100], [1737, 2100], [1739, 2100], [1745, 2100], [858, 2100], [1104, 2100], [1309, 2100], [1627, 2100], [1805, 2100]], "goodness_cluster_mocking_nested_split_average": [[0.4638095238095238, 0.7738095238095238], [0.5795238095238096, 0.8104761904761905], [0.6290476190476191, 0.8785714285714286], [0.6723809523809524, 0.9128571428571428], [0.5861904761904762, 0.88], [0.69, 0.9214285714285714], [0.6385714285714286, 0.9214285714285714], [0.6461904761904762, 0.9004761904761904], [0.64, 0.8904761904761904], [0.731904761904762, 0.8933333333333333], [0.4542857142857143, 0.6371428571428571], [0.5514285714285714, 0.6619047619047619], [0.56, 0.7671428571428571], [0.8057142857142857, 0.8852380952380953], [0.6747619047619048, 0.95]], "goodness_cluster_mocking_nested_split_ward": [[0.26, 0.7738095238095238], [0.36, 0.8123809523809524], [0.46476190476190476, 0.8961904761904762], [0.6166666666666667, 0.9204761904761904], [0.6071428571428571, 0.8857142857142857], [0.6447619047619048, 0.9042857142857142], [0.6480952380952381, 0.9195238095238095], [0.6914285714285714, 0.8885714285714286], [0.6866666666666666, 0.8952380952380953], [0.741904761904762, 0.8757142857142857], [0.47523809523809524, 0.6314285714285715], [0.5461904761904762, 0.6323809523809524], [0.6161904761904762, 0.7423809523809524], [0.758095238095238, 0.8757142857142857], [0.7628571428571429, 0.93]], "goodness_cluster_mocking_nested_split_single": [[0.6438095238095238, 0.7738095238095238], [0.6580952380952381, 0.8038095238095239], [0.7347619047619047, 0.8533333333333334], [0.7219047619047619, 0.9128571428571428], [0.64, 0.8828571428571429], [0.7647619047619048, 0.9333333333333333], [0.6938095238095238, 0.929047619047619], [0.7166666666666667, 0.9119047619047619], [0.6919047619047619, 0.9028571428571428], [0.7647619047619048, 0.9042857142857142], [0.4919047619047619, 0.6361904761904762], [0.5666666666666667, 0.6476190476190476], [0.5742857142857143, 0.758095238095238], [0.8047619047619048, 0.8809523809523809], [0.6857142857142857, 0.9423809523809524]], "goodness_cluster_mocking_nested_split_complete": [[0.31333333333333335, 0.7738095238095238], [0.4442857142857143, 0.8085714285714286], [0.5009523809523809, 0.888095238095238], [0.6038095238095238, 0.9319047619047619], [0.5290476190476191, 0.8676190476190476], [0.6376190476190476, 0.919047619047619], [0.5938095238095238, 0.9380952380952381], [0.6814285714285714, 0.8885714285714286], [0.6485714285714286, 0.8747619047619047], [0.7285714285714285, 0.9023809523809524], [0.4857142857142857, 0.6328571428571429], [0.5419047619047619, 0.6304761904761905], [0.6004761904761905, 0.7604761904761905], [0.7538095238095238, 0.8923809523809524], [0.7114285714285714, 0.9447619047619048]]}