{"goodness_cluster_mocking_nested_split_average": [[0.11645813282001925, 0.36573628488931664], [0.26371511068334935, 0.5129932627526468], [0.2502406159769009, 0.5245428296438883], [0.3589990375360924, 0.6910490856592878], [0.42059672762271416, 0.7516843118383061], [0.31953801732435033, 0.7555341674687199], [0.4629451395572666, 0.7872954764196343], [0.3917228103946102, 0.7747834456207893], [0.3474494706448508, 0.7786333012512031], [0.31857555341674687, 0.8209817131857555], [0.3012512030798845, 0.7574590952839269], [0.3888354186717998, 0.78055822906641], [0.29162656400384984, 0.7478344562078922], [0.3233878729547642, 0.793070259865255], [0.3128007699711261, 0.7632338787295476], [0.3869104908565929, 0.7892204042348412]], "goodness_cluster_mocking_nested_split_single": [[0.27045235803657364, 0.3618864292589028], [0.41482194417709334, 0.548604427333975], [0.26564003849855633, 0.5399422521655438], [0.42540904716073147, 0.6236766121270453], [0.40230991337824834, 0.7584215591915303], [0.36766121270452357, 0.8132820019249278], [0.4196342637151107, 0.8017324350336862], [0.34937439846005774, 0.7940327237728585], [0.3811357074109721, 0.8084696823869105], [0.3253128007699711, 0.8325312800769971], [0.29355149181905676, 0.7574590952839269], [0.39076034648700675, 0.7998075072184793], [0.2791145332050048, 0.7776708373435997], [0.2646775745909528, 0.7709335899903753], [0.30991337824831566, 0.7978825794032723], [0.44177093358999037, 0.8306063522617901]], "evaluation_kmeans_3": [[68, 445], [99, 445], [123, 445], [172, 445], [143, 445], [215, 445], [216, 445], [228, 445], [222, 445], [205, 445], [136, 445], [196, 445], [144, 445], [169, 445], [116, 445], [189, 445]], "label_correctness_kmeans_3": [[220, 1039], [236, 1039], [310, 1039], [359, 1039], [309, 1039], [414, 1039], [464, 1039], [502, 1039], [495, 1039], [446, 1039], [278, 1039], [405, 1039], [328, 1039], [367, 1039], [309, 1039], [443, 1039]], "name": ["prob-0.01", "prob-0.02", "prob-0.03", "prob-0.04", "prob-0.05", "prob-0.06", "prob-0.07", "prob-0.08", "prob-0.09", "prob-0.1", "some-5-prob-0.1", "some-6-prob-0.1", "some-7-prob-0.1", "some-8-prob-0.1", "some-9-prob-0.1", "some-10-prob-0.1"], "goodness_cluster_mocking_nested_split_complete": [[0.0846968238691049, 0.3551491819056785], [0.26756496631376325, 0.5563041385948027], [0.18286814244465832, 0.5274302213666987], [0.24735322425409048, 0.7016361886429259], [0.28392685274302215, 0.7516843118383061], [0.2781520692974013, 0.7593840230991338], [0.3753609239653513, 0.8604427333974976], [0.2858517805582291, 0.8469682386910491], [0.3695861405197305, 0.7613089509143407], [0.34071222329162654, 0.8306063522617901], [0.22425409047160733, 0.7189605389797883], [0.39076034648700675, 0.7844080846968239], [0.32435033686236764, 0.7574590952839269], [0.3426371511068335, 0.7872954764196343], [0.2925890279114533, 0.7237728585178056], [0.35129932627526467, 0.7882579403272377]], "goodness_cluster_mocking_nested_split_ward": [[0.07699711260827719, 0.3599615014436959], [0.17035611164581327, 0.5697786333012512], [0.19826756496631376, 0.5187680461982676], [0.2762271414821944, 0.6862367661212705], [0.3156881616939365, 0.7035611164581328], [0.2694898941289702, 0.7497593840230992], [0.397497593840231, 0.8257940327237728], [0.4080846968238691, 0.8026948989412896], [0.33493743984600577, 0.7834456207892204], [0.3532242540904716, 0.8075072184793071], [0.2685274302213667, 0.7199230028873917], [0.3570741097208855, 0.7680461982675649], [0.2569778633301251, 0.7305101058710298], [0.29355149181905676, 0.7709335899903753], [0.26371511068334935, 0.7516843118383061], [0.34456207892204044, 0.8046198267564967]]}