{"goodness_cluster_mocking_nested_ratio_average": [[0.16650625601539942, 0.2993262752646776], [0.3575553416746872, 0.6280076997112608], [0.3702277831247995, 0.6705165222970806], [0.43647738209817133, 0.7666025024061598], [0.4215591915303176, 0.7006737247353224], [0.4032723772858518, 0.7131857555341675], [0.45332050048123196, 0.7872954764196342], [0.4283285210137953, 0.7834777029194739], [0.4526926073605574, 0.7289197488427517], [0.39606006761925916, 0.6453382196885565], [0.48659425271552315, 0.7839956001649937], [0.4193936477382098, 0.7350818094321464], [0.3354186717998075, 0.6203079884504331], [0.45095329758467395, 0.7695288510014209], [0.41517484760988127, 0.7096888033365417], [0.47281268619093453, 0.7577020028415601]], "evaluation_kmeans_3": [[28, 445], [122, 445], [151, 445], [214, 445], [157, 445], [226, 445], [223, 445], [211, 445], [215, 445], [226, 445], [156, 445], [178, 445], [126, 445], [173, 445], [187, 445], [173, 445]], "goodness_cluster_mocking_nested_ratio_complete": [[0.07314725697786333, 0.30028873917228105], [0.24542829643888353, 0.6544754571703562], [0.26756496631376325, 0.6660250240615977], [0.3124799486685916, 0.8004491498235482], [0.30734680782803975, 0.7625922361244787], [0.3209817131857555, 0.7666025024061598], [0.3829804299005454, 0.8228264356753288], [0.33525826114854024, 0.7962784728905999], [0.41613731151748484, 0.7539621430863008], [0.3587760491032868, 0.694675952856896], [0.37155425581797097, 0.7969633029787024], [0.3845043310875842, 0.7646775745909529], [0.3361405197305101, 0.6470163618864293], [0.3946147852788854, 0.785375131765892], [0.3230189284568496, 0.719554058389477], [0.38286814244465833, 0.7486044273339749]], "goodness_cluster_mocking_nested_ratio_single": [[0.19538017324350337, 0.30221366698748797], [0.4032723772858518, 0.641963426371511], [0.40936798203400704, 0.6528713506576836], [0.5399422521655438, 0.7699711260827719], [0.546390760346487, 0.7042348411934553], [0.45139557266602504, 0.7343599615014437], [0.5017244145011229, 0.7615896695540584], [0.4958499472936431, 0.7528278106237682], [0.5067097483844355, 0.7415509418396811], [0.4626861909345066, 0.6648036115312342], [0.5557713460745222, 0.7732881891929052], [0.49611806223933275, 0.7001604106512673], [0.42115816490214947, 0.6136509464228425], [0.488777365293246, 0.7332431978245261], [0.493070259865255, 0.701924927815207], [0.5163779274943856, 0.7040583894770612]], "goodness_cluster_mocking_nested_ratio_ward": [[0.05101058710298364, 0.30028873917228105], [0.14148219441770934, 0.6544754571703562], [0.20259865255052936, 0.6857555341674687], [0.29740134744947067, 0.8084696823869105], [0.37584215591915304, 0.7290664100096247], [0.28472890599935835, 0.772698107154315], [0.37959576515880655, 0.7973051010587103], [0.4182226499839589, 0.8022457491177415], [0.47353224254090476, 0.7256977863330124], [0.37312663275127184, 0.6830400109995876], [0.435360677179734, 0.7818476839169812], [0.414084055181264, 0.7961822264998395], [0.2928296438883542, 0.6633782483156881], [0.3454787112149961, 0.8093863146798662], [0.2734680782803978, 0.791273660571062], [0.3226499839589349, 0.7663458453641322]], "label_correctness_kmeans_3": [[149, 1039], [282, 1039], [351, 1039], [441, 1039], [361, 1039], [489, 1039], [471, 1039], [486, 1039], [476, 1039], [477, 1039], [330, 1039], [382, 1039], [282, 1039], [399, 1039], [401, 1039], [379, 1039]], "name": ["prob-0.01", "prob-0.02", "prob-0.03", "prob-0.04", "prob-0.05", "prob-0.06", "prob-0.07", "prob-0.08", "prob-0.09", "prob-0.1", "some-5-prob-0.1", "some-6-prob-0.1", "some-7-prob-0.1", "some-8-prob-0.1", "some-9-prob-0.1", "some-10-prob-0.1"]}