{"goodness_cluster_mocking_nested_ratio_average": [[0.7321709219227234, 0.8566705216024671], [0.7662329863891112, 0.9222244462236455], [0.8453184770038252, 0.9289854105506627], [0.8550906526086671, 0.941292947778136], [0.8386539304637305, 0.9105781364952222], [0.8439185075516307, 0.9171771144371391], [0.8510993214372391, 0.9039415952562944], [0.8323043463805349, 0.8863475809682052], [0.8456706683021674, 0.8935756589613615], [0.8631583732633911, 0.9022563182860759], [0.5296600929887164, 0.6421500849823113], [0.7061477914289195, 0.812232659323235], [0.5951110339751745, 0.6961251786242271], [0.7433214657789726, 0.8718242680207661], [0.8587225696863408, 0.9035584383812967], [0.864460866277158, 0.8998224889085965]], "evaluation_kmeans_3": [[2782, 3498], [2958, 3498], [2934, 3498], [3014, 3498], [3023, 3498], [3031, 3498], [3023, 3498], [2971, 3498], [2987, 3498], [3002, 3498], [1481, 3498], [2065, 3498], [2006, 3498], [2491, 3498], [2791, 3498], [2953, 3498]], "goodness_cluster_mocking_nested_ratio_complete": [[0.5076461168935148, 0.8635308246597279], [0.657659460902055, 0.913063784360822], [0.7293545947869408, 0.9308491237434392], [0.7736522551374433, 0.9367160394982653], [0.8118602659905703, 0.9126075304688195], [0.8328388901597468, 0.9090331789240915], [0.8253989560835037, 0.8938537198945525], [0.8317955952063236, 0.8949127556013062], [0.8354146155840143, 0.8943951333315457], [0.8481883956915016, 0.8928908243010559], [0.4702585187542719, 0.6299863009800526], [0.6198654013650198, 0.8202924096383051], [0.5938145245352001, 0.6844203425229236], [0.7363429677678291, 0.8692492928278772], [0.8575656133512762, 0.9101410069995284], [0.8603011527996343, 0.9019344594449505]], "goodness_cluster_mocking_nested_ratio_single": [[0.8070263618302049, 0.8487931085609228], [0.884267413931145, 0.9303042433947158], [0.870662244080979, 0.9313774829387319], [0.8860318438946049, 0.9257969893442979], [0.8870144604241955, 0.9115674361380999], [0.8868617515453977, 0.9092796858928758], [0.8858234413389063, 0.908775136027991], [0.8712406040956117, 0.8943257388700979], [0.870490559583909, 0.8973120167496416], [0.8740368863700484, 0.8988567422547562], [0.5825178469708115, 0.6325578789964321], [0.7250753499947977, 0.8131458063598898], [0.6237143250097948, 0.6841626836967443], [0.8048770233269746, 0.8786693905540898], [0.872018818851285, 0.8976393152484027], [0.880360894754223, 0.9038463497849141]], "goodness_cluster_mocking_nested_ratio_ward": [[0.47938350680544434, 0.86128903122498], [0.6435815318921804, 0.9387510008006406], [0.7539142425051152, 0.9152433057557157], [0.7947024286095543, 0.9145316253002402], [0.8083522373454319, 0.8952217329419091], [0.8434090618037776, 0.8959844554520295], [0.8440618673204741, 0.8872964549906102], [0.8516121037055432, 0.8853724453121617], [0.8540047544751308, 0.8848294142029131], [0.8727216982821466, 0.8861991469077138], [0.522166415210324, 0.6488010562564943], [0.6446095066001827, 0.8130108943770709], [0.6073552507499154, 0.6864852213930968], [0.7488214818368414, 0.8434305023866145], [0.8176896917689552, 0.8966862223267348], [0.8648432334130893, 0.8853930065649441]], "label_correctness_kmeans_3": [[5903, 7494], [6388, 7494], [6295, 7494], [6686, 7494], [6576, 7494], [6489, 7494], [6632, 7494], [6545, 7494], [6532, 7494], [6509, 7494], [3346, 7494], [4356, 7494], [4507, 7494], [5478, 7494], [5968, 7494], [6519, 7494]], "name": ["prob-0.01", "prob-0.02", "prob-0.03", "prob-0.04", "prob-0.05", "prob-0.06", "prob-0.07", "prob-0.08", "prob-0.09", "prob-0.1", "some-5-prob-0.1", "some-6-prob-0.1", "some-7-prob-0.1", "some-8-prob-0.1", "some-9-prob-0.1", "some-10-prob-0.1"]}