{"goodness_cluster_mocking_nested_split_average": [[0.3203463203463203, 0.4873222016079159], [0.48794063079777367, 0.7087198515769945], [0.5485466914038343, 0.8682745825602969], [0.6357452071737786, 0.9288806431663574], [0.6567717996289425, 0.8917748917748918], [0.6648113790970934, 0.9115646258503401], [0.6703772418058133, 0.9084724799010513], [0.6561533704390847, 0.9053803339517625], [0.6740878169449598, 0.8787878787878788], [0.7031539888682746, 0.8800247371675943], [0.3753865182436611, 0.49165120593692024], [0.40940012368583795, 0.683982683982684], [0.5200989486703772, 0.7476808905380334], [0.6777983920841064, 0.8800247371675943], [0.660482374768089, 0.9270253555967841]], "goodness_cluster_mocking_nested_split_single": [[0.3908472479901051, 0.4873222016079159], [0.520717377860235, 0.7136672850958565], [0.6221397649969078, 0.8676561533704391], [0.7544836116264688, 0.9165120593692022], [0.7161410018552876, 0.8899196042053185], [0.753865182436611, 0.9103277674706246], [0.7359307359307359, 0.9084724799010513], [0.6666666666666666, 0.9010513296227582], [0.7285095856524428, 0.8726035868893012], [0.7328385899814471, 0.8812615955473099], [0.41187384044526903, 0.4941249226963513], [0.3661100803957947, 0.7056277056277056], [0.5868893011750155, 0.753865182436611], [0.6833642547928263, 0.8936301793444651], [0.6988249845392702, 0.9245516388373531]], "evaluation_kmeans_3": [[308, 693], [384, 693], [537, 693], [499, 693], [514, 693], [554, 693], [547, 693], [528, 693], [554, 693], [550, 693], [244, 693], [325, 693], [409, 693], [499, 693], [582, 693]], "label_correctness_kmeans_3": [[726, 1617], [892, 1617], [1224, 1617], [1203, 1617], [1249, 1617], [1345, 1617], [1325, 1617], [1273, 1617], [1317, 1617], [1336, 1617], [634, 1617], [758, 1617], [994, 1617], [1178, 1617], [1376, 1617]], "name": ["prob-0.01", "prob-0.02", "prob-0.03", "prob-0.04", "prob-0.05", "prob-0.06", "prob-0.07", "prob-0.08", "prob-0.09", "prob-0.1", "some-3-prob-0.1", "some-4-prob-0.1", "some-5-prob-0.1", "some-6-prob-0.1", "some-7-prob-0.1"], "goodness_cluster_mocking_nested_split_complete": [[0.19109461966604824, 0.4873222016079159], [0.37600494743351887, 0.7247990105132962], [0.4199134199134199, 0.8794063079777366], [0.5460729746444032, 0.9363017934446506], [0.520717377860235, 0.9029066171923315], [0.5553494124922697, 0.9066171923314781], [0.6091527520098948, 0.9146567717996289], [0.5757575757575758, 0.8707482993197279], [0.6481137909709338, 0.8948670377241806], [0.6796536796536796, 0.878169449598021], [0.3914656771799629, 0.48855905998763144], [0.42238713667285094, 0.6944959802102659], [0.5163883735312307, 0.7328385899814471], [0.5986394557823129, 0.878169449598021], [0.6351267779839208, 0.9264069264069265]], "goodness_cluster_mocking_nested_split_ward": [[0.17934446505875076, 0.4873222016079159], [0.2881880024737168, 0.7371675943104514], [0.3630179344465059, 0.8577612863327149], [0.49845392702535557, 0.9183673469387755], [0.5856524427952999, 0.8991960420531849], [0.6641929499072357, 0.9103277674706246], [0.6988249845392702, 0.9066171923314781], [0.7037724180581324, 0.8670377241805813], [0.6895485466914039, 0.8991960420531849], [0.7359307359307359, 0.8775510204081632], [0.4267161410018553, 0.4836116264687693], [0.40878169449598023, 0.6660482374768089], [0.562152133580705, 0.7241805813234384], [0.673469387755102, 0.865182436611008], [0.6753246753246753, 0.8905380333951762]]}