{"goodness_cluster_mocking_nested_split_average": [[0.03333333333333333, 0.10833333333333334], [0.14166666666666666, 0.275], [0.1, 0.35], [0.14166666666666666, 0.475], [0.23333333333333334, 0.5166666666666667], [0.31666666666666665, 0.5916666666666667], [0.31666666666666665, 0.5166666666666667], [0.475, 0.7], [0.4, 0.6666666666666666], [0.475, 0.8333333333333334], [0.2833333333333333, 0.45], [0.39166666666666666, 0.5666666666666667], [0.4666666666666667, 0.875]], "goodness_cluster_mocking_nested_split_single": [[0.09166666666666666, 0.10833333333333334], [0.016666666666666666, 0.275], [0.11666666666666667, 0.35], [0.13333333333333333, 0.475], [0.2916666666666667, 0.5166666666666667], [0.39166666666666666, 0.5916666666666667], [0.2, 0.5166666666666667], [0.5, 0.7], [0.44166666666666665, 0.6666666666666666], [0.55, 0.8333333333333334], [0.26666666666666666, 0.45], [0.4083333333333333, 0.5666666666666667], [0.45, 0.875]], "evaluation_kmeans_3": [[3, 30], [5, 30], [9, 30], [9, 30], [13, 30], [17, 30], [16, 30], [21, 30], [17, 30], [19, 30], [11, 30], [18, 30], [19, 30]], "label_correctness_kmeans_3": [[13, 120], [32, 120], [42, 120], [56, 120], [61, 120], [70, 120], [59, 120], [66, 120], [64, 120], [85, 120], [38, 120], [67, 120], [93, 120]], "name": ["prob-0.01", "prob-0.02", "prob-0.03", "prob-0.04", "prob-0.05", "prob-0.06", "prob-0.07", "prob-0.08", "prob-0.09", "prob-0.1", "some-1-prob-0.1", "some-2-prob-0.1", "some-3-prob-0.1"], "goodness_cluster_mocking_nested_split_complete": [[0.03333333333333333, 0.10833333333333334], [0.058333333333333334, 0.275], [0.08333333333333333, 0.35], [0.14166666666666666, 0.475], [0.2, 0.5166666666666667], [0.3, 0.5916666666666667], [0.275, 0.5166666666666667], [0.36666666666666664, 0.7], [0.21666666666666667, 0.6666666666666666], [0.3416666666666667, 0.8333333333333334], [0.2916666666666667, 0.45], [0.36666666666666664, 0.5666666666666667], [0.36666666666666664, 0.875]], "goodness_cluster_mocking_nested_split_ward": [[0.03333333333333333, 0.10833333333333334], [0.075, 0.275], [0.15833333333333333, 0.35], [0.14166666666666666, 0.475], [0.20833333333333334, 0.5166666666666667], [0.26666666666666666, 0.5916666666666667], [0.225, 0.5166666666666667], [0.43333333333333335, 0.7], [0.20833333333333334, 0.6666666666666666], [0.3333333333333333, 0.8333333333333334], [0.25833333333333336, 0.45], [0.3333333333333333, 0.5666666666666667], [0.325, 0.875]]}