{"goodness_cluster_mocking_nested_split_average": [[0.35299596398633964, 0.833592052157715], [0.4399254889785781, 0.9093449239366657], [0.3613784538963055, 0.9285936044706613], [0.2331574045327538, 0.9767153058056505], [0.2995963986339646, 0.9490841353616889], [0.2732070785470351, 0.9090344613474076], [0.35920521577149955, 0.9273517541136294], [0.32660664389941013, 0.943185346165787], [0.29121390872399877, 0.943495808755045], [0.30984166407947844, 0.944737659112077], [0.9723688295560385, 1.0], [0.3384042222912139, 0.9509469108972369]], "goodness_cluster_mocking_nested_split_single": [[0.42067680844458244, 0.7916796026078857], [0.5141260478112387, 0.9307668425954673], [0.39087239987581496, 0.9186588016144055], [0.222291213908724, 0.9646072648245886], [0.29804408568767465, 0.9453585842905929], [0.26979199006519716, 0.9071716858118597], [0.3228810928283142, 0.9177274138466315], [0.33095312014902206, 0.9394597950946911], [0.28127910586774296, 0.9524992238435268], [0.2828314188140329, 0.9506364483079789], [0.9903756597330021, 1.0], [0.3073579633654145, 0.9615026389320087]], "evaluation_kmeans_3": [[1085, 1380], [1097, 1380], [1097, 1380], [1085, 1380], [1043, 1380], [1043, 1380], [1092, 1380], [1104, 1380], [1112, 1380], [1112, 1380], [824, 1380], [1120, 1380]], "label_correctness_kmeans_3": [[2516, 3221], [2534, 3221], [2534, 3221], [2516, 3221], [2429, 3221], [2429, 3221], [2509, 3221], [2527, 3221], [2556, 3221], [2556, 3221], [1964, 3221], [2584, 3221]], "name": ["prob-0.01", "prob-0.02", "prob-0.03", "prob-0.04", "prob-0.05", "prob-0.06", "prob-0.07", "prob-0.08", "prob-0.09", "prob-0.1", "some-1-prob-0.1", "some-2-prob-0.1"], "goodness_cluster_mocking_nested_split_complete": [[0.39056193728655697, 0.7637379695746662], [0.4281279105867743, 0.8637069233157405], [0.4554486184414778, 0.941322570630239], [0.3585842905929835, 0.9074821484011176], [0.3073579633654145, 0.9351133188450792], [0.332194970506054, 0.886681154920832], [0.4060850667494567, 0.9242471282210494], [0.38745731139397704, 0.9264203663458553], [0.32505433095312014, 0.9158646383110836], [0.3508227258615337, 0.9316982303632412], [0.9254889785780813, 1.0], [0.3781434337162372, 0.9301459174169513]], "goodness_cluster_mocking_nested_split_ward": [[0.3163613784538963, 0.6945048121701335], [0.3949084135361689, 0.9205215771499534], [0.40235951567836076, 0.9323191555417573], [0.2508537721204595, 0.9559143123253648], [0.39615026389320085, 0.9357342440235952], [0.3955293387146849, 0.9344923936665632], [0.38466314809065505, 0.8997205836696678], [0.3573424402359516, 0.9105867742936976], [0.3570319776466936, 0.9292145296491773], [0.3952188761254269, 0.9245575908103073], [0.9714374417882645, 1.0], [0.4681775846010556, 0.943185346165787]]}