{"goodness_cluster_mocking_nested_split_average": [[0.5235732009925558, 0.6488833746898263], [0.6761786600496278, 0.8076923076923077], [0.6029776674937966, 0.847394540942928], [0.47518610421836227, 0.7431761786600496], [0.3883374689826303, 0.892059553349876], [0.2903225806451613, 0.7965260545905707], [0.21836228287841192, 0.794044665012407], [0.25806451612903225, 0.8846153846153846], [0.13399503722084366, 0.9441687344913151], [0.18610421836228289, 0.8883374689826302], [0.9640198511166254, 1.0], [0.24689826302729528, 0.8002481389578163]], "goodness_cluster_mocking_nested_split_single": [[0.5409429280397022, 0.6439205955334988], [0.6786600496277916, 0.7816377171215881], [0.5632754342431762, 0.7803970223325062], [0.3387096774193548, 0.858560794044665], [0.4627791563275434, 0.8486352357320099], [0.3002481389578164, 0.825062034739454], [0.23945409429280398, 0.8411910669975186], [0.22084367245657568, 0.9205955334987593], [0.16253101736972705, 0.93424317617866], [0.3188585607940447, 0.8337468982630273], [0.9789081885856079, 1.0], [0.2555831265508685, 0.826302729528536]], "evaluation_kmeans_3": [[144, 345], [178, 345], [177, 345], [211, 345], [185, 345], [189, 345], [182, 345], [189, 345], [188, 345], [188, 345], [195, 345], [191, 345]], "label_correctness_kmeans_3": [[364, 806], [374, 806], [385, 806], [506, 806], [456, 806], [420, 806], [446, 806], [465, 806], [440, 806], [397, 806], [416, 806], [425, 806]], "name": ["prob-0.01", "prob-0.02", "prob-0.03", "prob-0.04", "prob-0.05", "prob-0.06", "prob-0.07", "prob-0.08", "prob-0.09", "prob-0.1", "some-1-prob-0.1", "some-2-prob-0.1"], "goodness_cluster_mocking_nested_split_complete": [[0.30893300248138955, 0.6389578163771712], [0.6017369727047146, 0.8238213399503722], [0.45037220843672454, 0.8449131513647643], [0.47642679900744417, 0.7803970223325062], [0.5620347394540943, 0.8771712158808933], [0.3188585607940447, 0.7915632754342432], [0.2518610421836228, 0.8548387096774194], [0.28287841191067, 0.8461538461538461], [0.25682382133995035, 0.8325062034739454], [0.31389578163771714, 0.7630272952853598], [0.9553349875930521, 1.0], [0.3933002481389578, 0.749379652605459]], "goodness_cluster_mocking_nested_split_ward": [[0.23573200992555832, 0.684863523573201], [0.3598014888337469, 0.7816377171215881], [0.5062034739454094, 0.8535980148883374], [0.4267990074441687, 0.8114143920595533], [0.5669975186104218, 0.8548387096774194], [0.3759305210918114, 0.7754342431761787], [0.3200992555831266, 0.7456575682382134], [0.37220843672456577, 0.7990074441687345], [0.2866004962779156, 0.760545905707196], [0.34491315136476425, 0.7468982630272953], [0.956575682382134, 1.0], [0.47766749379652607, 0.7183622828784119]]}