{"goodness_cluster_mocking_nested_ratio_average": [[0.429590570719603, 0.45812655086848636], [0.7261166253101737, 0.7645781637717122], [0.6845947063688999, 0.7367038875103391], [0.5994013155303478, 0.6415849383591319], [0.6875516956162117, 0.7359387923904053], [0.6302101227969714, 0.6761158299930011], [0.5387509148274001, 0.6380064979539509], [0.6406852039606382, 0.6741839632658492], [0.5462124345188861, 0.6367831541218638], [0.540818858560794, 0.6177419354838709], [0.9640198511166254, 1.0], [0.5663999047293745, 0.6036207484018311]], "evaluation_kmeans_3": [[124, 345], [178, 345], [189, 345], [190, 345], [185, 345], [190, 345], [182, 345], [189, 345], [188, 345], [188, 345], [195, 345], [191, 345]], "goodness_cluster_mocking_nested_ratio_complete": [[0.3232009925558313, 0.4522332506203474], [0.7001654259718776, 0.7622001654259719], [0.6486470518728584, 0.8136594588207492], [0.5520501004371973, 0.6513056835637481], [0.7253722084367246, 0.7886476426799007], [0.6044251447477255, 0.6565343258891647], [0.5471576810286488, 0.6538574328896909], [0.6147790381661349, 0.6830172515656386], [0.5660580114674408, 0.6467031727577635], [0.5550484461774785, 0.614601796053409], [0.9553349875930521, 1.0], [0.5713275971340487, 0.6085484408065053]], "goodness_cluster_mocking_nested_ratio_single": [[0.44044665012406947, 0.45161290322580644], [0.7437965260545906, 0.7599255583126551], [0.7133995037220844, 0.739454094292804], [0.571920910630588, 0.6165859230375359], [0.724048800661704, 0.7438999172870141], [0.6413389959916015, 0.6636715021950754], [0.6026377650958005, 0.62869235566652], [0.6488139651911363, 0.6723871661836922], [0.5941790736145576, 0.6388440860215053], [0.570164758103047, 0.6135890757209131], [0.9789081885856079, 1.0], [0.574078143679489, 0.6001327342502085]], "goodness_cluster_mocking_nested_ratio_ward": [[0.3684863523573201, 0.6042183622828784], [0.510339123242349, 0.7882547559966914], [0.598103509393832, 0.8015774548032613], [0.5184449958643507, 0.6400330851943755], [0.6469041710977195, 0.7349935011225334], [0.5673401866950254, 0.6492260427744299], [0.5542183622828785, 0.6559553349875931], [0.6297766749379653, 0.6930521091811415], [0.5553933732301854, 0.6261129762078529], [0.5131457252424995, 0.6347338145725243], [0.956575682382134, 1.0], [0.5427571979991336, 0.5787373468825082]], "label_correctness_kmeans_3": [[333, 806], [372, 806], [404, 806], [468, 806], [456, 806], [422, 806], [446, 806], [465, 806], [440, 806], [397, 806], [416, 806], [425, 806]], "name": ["prob-0.01", "prob-0.02", "prob-0.03", "prob-0.04", "prob-0.05", "prob-0.06", "prob-0.07", "prob-0.08", "prob-0.09", "prob-0.1", "some-1-prob-0.1", "some-2-prob-0.1"]}