{"evaluation_kmeans_3": [[49, 445], [132, 445], [131, 445], [211, 445], [196, 445], [183, 445], [200, 445], [229, 445], [215, 445], [222, 445], [152, 445], [160, 445], [140, 445], [78, 445], [116, 445], [198, 445]], "name": ["prob-0.01", "prob-0.02", "prob-0.03", "prob-0.04", "prob-0.05", "prob-0.06", "prob-0.07", "prob-0.08", "prob-0.09", "prob-0.1", "some-5-prob-0.1", "some-6-prob-0.1", "some-7-prob-0.1", "some-8-prob-0.1", "some-9-prob-0.1", "some-10-prob-0.1"], "label_correctness_kmeans_3": [[182, 1039], [300, 1039], [322, 1039], [418, 1039], [427, 1039], [404, 1039], [453, 1039], [482, 1039], [483, 1039], [502, 1039], [331, 1039], [342, 1039], [325, 1039], [220, 1039], [266, 1039], [404, 1039]], "goodness_cluster_mocking_nested_split_average": [[0.2598652550529355, 0.3859480269489894], [0.2945139557266602, 0.5909528392685275], [0.36573628488931664, 0.5736284889316651], [0.314725697786333, 0.710298363811357], [0.3859480269489894, 0.7555341674687199], [0.3041385948026949, 0.7786333012512031], [0.3994225216554379, 0.7998075072184793], [0.3253128007699711, 0.8046198267564967], [0.4128970163618864, 0.7353224254090471], [0.36573628488931664, 0.8036573628488932], [0.46102021174205965, 0.8036573628488932], [0.3426371511068335, 0.865255052935515], [0.3070259865255053, 0.7728585178055823], [0.2666025024061598, 0.5659287776708374], [0.3638113570741097, 0.7074109720885466], [0.34456207892204044, 0.7122232916265641]], "goodness_cluster_mocking_nested_split_ward": [[0.13185755534167468, 0.3859480269489894], [0.17324350336862368, 0.6217516843118384], [0.28007699711260825, 0.5822906641000962], [0.2897016361886429, 0.699711260827719], [0.3310875842155919, 0.753609239653513], [0.2569778633301251, 0.794995187680462], [0.38209817131857554, 0.7497593840230992], [0.34937439846005774, 0.8113570741097209], [0.37728585178055823, 0.7295476419634264], [0.4080846968238691, 0.7497593840230992], [0.34648700673724736, 0.8229066410009624], [0.34648700673724736, 0.8623676612127045], [0.30221366698748797, 0.7834456207892204], [0.2550529355149182, 0.5784408084696824], [0.3387872954764196, 0.6698748796920115], [0.34071222329162654, 0.726660250240616]], "goodness_cluster_mocking_nested_split_single": [[0.2666025024061598, 0.3859480269489894], [0.32146294513955725, 0.6063522617901829], [0.4773820981713186, 0.5967276227141483], [0.3849855630413859, 0.7151106833493744], [0.5370548604427334, 0.7314725697786333], [0.41482194417709334, 0.737247353224254], [0.4504331087584216, 0.7593840230991338], [0.3965351299326275, 0.8325312800769971], [0.3205004812319538, 0.7593840230991338], [0.35611164581328203, 0.8229066410009624], [0.4687199230028874, 0.7872954764196343], [0.3128007699711261, 0.8960538979788258], [0.3253128007699711, 0.7728585178055823], [0.25890279114533205, 0.5967276227141483], [0.31376323387872956, 0.7131857555341675], [0.3070259865255053, 0.7757459095283927]], "goodness_cluster_mocking_nested_split_complete": [[0.1809432146294514, 0.3859480269489894], [0.18768046198267566, 0.6159769008662175], [0.24061597690086622, 0.5967276227141483], [0.2743022136669875, 0.6881616939364774], [0.28007699711260825, 0.7295476419634264], [0.32820019249278154, 0.7872954764196343], [0.3320500481231954, 0.7709335899903753], [0.3734359961501444, 0.836381135707411], [0.33589990375360923, 0.7593840230991338], [0.39076034648700675, 0.7872954764196343], [0.3156881616939365, 0.8075072184793071], [0.2377285851780558, 0.8306063522617901], [0.27718960538979787, 0.7564966313763234], [0.24254090471607315, 0.5938402309913379], [0.2858517805582291, 0.6766121270452358], [0.30028873917228105, 0.7247353224254091]]}